し,タイトル,作者・画,作者・原作,掲載誌,13093,完結,ジャンル,タグ,他メディア
ああいちろう,ああ一郎,こせきこうじ ,,,5,完結,スポーツ,柔道,
あぁいとしのばんちょうさま,あぁ愛しの番長さま,あぁいとしの,,,5,,コメディー,学園,
ああきゅうしゃかい,嗚呼! 旧車會,旭凛太郎 ,岩橋健一郎,ヤングチャンピオン,4,完結,ドラマ,車 走り屋,
あーくざらっどすりーよんこままんがげきじょう,アークザラッド３　4コママンガ劇場,アンソロジー,,,1,完結,４コマ,,
あーくざらっどつーよんこままんがげきじょう,アークザラッド2　4コママンガ劇場,アンソロジー,,,2,完結,４コマ,,
あーさーぐれーす,アーサーGARAGE,たーし,,ヤングマガジン,5,完結,ドラマ,車 中古車販売,
あーさーびゅーてぃーはよるのまじょ,アーサー・ピューティーは夜の魔女,木々津克久,,,1,,ホラー,,
あーしあん,アーシアン,高河ゆん,,,4,,,,ア
あーすふろんてぃあへようこそ,アース・フロンティアへようこそ☆,あいざわひろし,,,1,,ファンタジー,,
ああせいしゅんのこうしえん,ああ青春の甲子園,あだち充,,,7,完結,スポーツ,野球,
ああたんていじむしょ,ああ探偵事務所,関崎俊三,,,15,完結,コメディー,探偵,ド
ああっめがみさまっ,ああっ女神さまっ,藤島康介 ,,アフタヌーン,41,,ファンタジー 恋愛,女神 ハーレム,ア
ああどすこいじごろ,嗚呼どす恋ジゴロ,平松伸二,,週刊漫画ゴラク,2,完結 続編,スポーツ,相撲,
ああはなのしんこいわさんちょうめ,嗚呼　花の新小岩３丁目,もりたじゅん ,,	マーガレット,1,完結,短篇集,,
ああはりまなだ,ああ播磨灘,さだやす圭,,,28,完結 続編あり,スポーツ,相撲,ア ゲ
あーむず,ARMS,皆川亮二,七月鏡一,,22,完結,SF アクション,,ゲ ア
あーむどあーむ,アームドアーム,橋本還,,ヤングキング,2,,,,
ああゆうてんじけ,嗚呼！　祐天寺家,亜月裕 ,,パーティー,5,,コメディー,,
あーるおーでぃーりーどおあだい,R.O.D -READ OR DIE-,山田秋太郎,倉田英之,,4,完結,ファンタジー,,小 ア
あーるくろにくるぷれりゅーど,Rくろにくる－prelude－,あづまゆき,数多ヒロ,,1,完結,ファンタジー,,
あーるじゅうはち,R-18 Love Report,すぎ恵美子,,,4,完結,,,
あーるじゅうろく,R-16,桑原真也,佐木飛朗斗,,12,完結,,,
あーるつー,R2,箱田真紀,,,2,,,,
あい,あい。,仙道ますみ,,,11,,,,
あいあむあひーろー,アイアムアヒーロー,花沢健吾,,,6,,,漫画家,
あいあむまっこい,I am マッコイ,小林まこと,,週刊少年マガジン,3,完結,コメディー,,
あいあんばーじんじゅん,鉄の処女ジュン,永井豪,,,1,,,,
あいいろでんせつ,藍色伝説 ,高階良子 ,,ミステリーボニータ,1,,,,
あいうえおぼーい,Ｉ・飢男,池上遼一 松久鷹人,小池一夫,,8,,ドラマ,復讐,
あいえすおとこでもおんなでもないせい, ＩＳ～男でも女でもない性 ,六花チヨ,,,17,,ドラマ,医療 インターセクシャル,ド
あいえぬにじゅうさんえいち,IN23H,なかざき冬,,,1,,,,
あいえる,I.L (アイエル),手塚治虫 ,,,2,完結,サスペンス,,
あいおれだんしこうのひめとじょしこうのおうじ,愛俺! 〜男子校の姫と女子校の王子〜,新條まゆ,,,4,,,愛を歌うより俺に溺れろ!の続編,
あいがーる,愛†少女,すぎ恵美子,,,4,,,,
あいがあればいーのだ,愛があればいーのだ,いくえみ綾,,,2,完結,,,
あいかぞく,愛・家族,ふうたまろ ,,,1,完結,短篇集,,
あいがとまらない,AIがとまらない,赤松健,,,9,完結,SF,コンピューター,
あいがゆく,愛がゆく,小山ゆう,,,12,完結,SF,,
あいがゆくえふめい,愛が行方不明 ,牧村ジュン,パトリシア・ノール,,1,完結,恋愛,,
あいき,愛気,ISUTOSHI,,,11,,格闘,,
あいきゅー,I.Q,友美イチロウ,,デザート,3,完結,ラブコメ,,
あいこくせんそう,哀国戦争,伊賀和洋,小池一夫,,4,完結,戦争,,
あいこら,あいこら,井上和郎,,,12,,ラブコメ,ハーレム,
あいさずにはいられない,愛さずにはいられない,松本美緒 ,,別冊フレンド,2,完結,恋愛,,
あいされじょうずけいかく,愛され上手計画 ,天丸ゆう,,,1,完結,短篇集,,
あいざわけのえとせとら,相沢家のエトセトラ,真木たつや,,,1,,4コマ,,
あいしあうことしかできない,愛しあう事しかできない,桜沢エリカ,,,1,,恋愛 ドラマ,,
あいしあってるかい,愛しあってるかい!?,草薙竜樹 ,,,1,完結,,,
あいしーるどにじゅういち,アイシールド21,村田雄介,稲垣理一郎,,37,完結,スポーツ コメディー,アメリカンフットボール,ア
あいしかたもわからずに,愛し方も分からずに ,青木琴美 ,,少女コミック,1,完結,恋愛,,
あいしすぎたおとこ,愛しすぎた男,今道杏子 ,,,1,完結,短篇集,,
あいしてそうろう,愛して候,日高七緒 ,,,2,完結,恋愛,,
あいしてないと,愛してナイト,多田かおる,,,7,完結,恋愛,,ア
あいしてる,あいしてる,守村大 ,,モーニング,26,,恋愛,,
あいしてる,愛してる,もりたゆうこ ,,Kiss,6,完結,サスペンス,,
あいしてるかいよう,アイシテル　～海容～,伊藤実 ,,ＢＥ・ＬＯＶＥ,2,完結,サスペンス,,ド
あいしてるきずな,アイシテル　～絆～,伊藤実 ,,ＢＥ・ＬＯＶＥ,2,完結,サスペンス,,
あいしてるぜべいべ,愛してるぜベイベ★★,槙ようこ,,,7,完結,ドラマ,,ア
あいしぬいてもいいですか,愛しぬいてもいいですか,箕野希望 ,,,1,完結,短篇集,,
あいじゃたりない,愛じゃたりない？,ほり恵利織,,	ミッシィヤングラブコミックス,1,完結,恋愛,,
あいしゃるりたーん,愛しゃるリターン,三浦みつる,,,6,完結,ラブコメ,,
あいしょうじょ,愛＋少女,すぎ恵美子,,Cheese!,4,,,,
あいしりそめしころに,愛…知りそめし頃に…,藤子不二雄A,,,9,,ドラマ,漫画家,
あいじん,愛人,柳沢きみお,,,8,完結,恋愛,,
あいじんいたいほどあいして,愛人～痛いほど愛して～ ,わたなべ志穂,,Cheese!,1,完結,短篇集,,
あいじんしがんらくだいせい,愛人志願落第生 ,くさか里樹,,,1,完結,短篇集,,
あいじんせんか,アイジン専科 ,北里千寿,,,1,完結,短篇集,,
あいじんたち,愛人たち,里中満智子 ,,,5,完結,恋愛,,
あいす,ICE,浜口奈津子 ,,,4,完結,恋愛,,
あいず,"I""s",桂正和,,,15,完結,恋愛 ドラマ,,小 ア ゲ
あいすえいじ,アイスエイジ,もんでんあきこ ,,コーラス,10,,ドラマ,教師,
あいすえいじつー,アイスエイジII,もんでんあきこ ,,コーラス,3,,ドラマ,教師,
あいすぺ,あいすぺ@,武田みか,雨野智晴,,2,,,,
あいすべきむすめたち,愛すべき娘たち,よしながふみ,,,1,,,,
あいすまん,アイスマン,くじらいいく子,,,4,完結,スポーツ,アイスホッケー,
あいするおにいさん,愛するお兄さん ,宮下キツネ,,,1,完結,恋愛,,
あいするひと,愛人,吉原由起,,,4,,,,
あいずわたしのなかにたにんがいる,Ｉ’ｓ私の中に他人がいる!!,庄司陽子 ,,ＢＥ・ＬＯＶＥ,3,完結,サスペンス,多重人格,
あいぜんふぁうすとてんぽうにんじゃでん,アイゼンファウスト天保忍者伝,長谷川哲也,山田風太郎,,4,,時代劇,忍者,小
あいそうじん,愛想人 ～SEX Friend～,わたなべ志穂,,Cheese!,1,完結,短篇集,,
あいたま,あいたま,師走冬子,,,5,,コメディー,,
あいだろ,愛だろ ,小田三月 ,,,1,完結,アンソロジー,,
あいつ,あいつ,飯野恵子 ,,,3,完結,恋愛,,
あいつがまほうつかい,あいつが魔法使い!,飯坂友佳子,,,1,,短篇集,,
あいつとららばい,あいつとララバイ,楠みちはる,,週刊少年マガジン,39,完結,ラブコメ,バイク,
あいつはあいんしゅたいん,あいつはアインシュタイン,石垣ゆうき,宮崎まさる,,3,,ドラマ,科学者,
あいでぃー,i.d. ,岸虎次郎,,,1,,ドラマ,,モデル
あいとふくしゅうのばんか,愛と復讐の挽歌,勘崎順次,倉科遼,,6,,,,
あいとまこと,愛と誠,ながやす巧,梶原一騎,,16,完結,恋愛,,ド 映
あいとよくぼうのらせん,愛と復讐の挽歌,冬森雪湖,,,8,,,,
あいどるえーす,アイドルＡ,あだちみつる,,,1,,スポーツ,野球,
あいどるえっちひめこのひみつ,アイドルＨ　ヒメコの秘密,ひのき一志,,コミックＧＡ,3,完結,コメディー,芸能界 アイドル,
あいどるとぅないと,アイドル to NIGHT！,佐野タカシ,,,1,,コメディー,芸能界 アイドル,
あいどるのあかほん,アイドルのあかほん,氏家ト全,,,1,完結,コメディー,芸能界 アイドル,
あいどるますたーぶれいく,アイドルマスターブレイク！,藤真拓哉,,,3,完結,ドラマ,芸能界 アイドル,
あいどるますたーゆあめっせーじ,アイドルマスターユアメッセージ,草壁レイ,,,1,,ドラマ,芸能界 アイドル,
あいどるますたーりれーしょんず,アイドルマスター relations,上田夢人,,,2,完結,ドラマ,芸能界 アイドル,
あいどるをさがせ,アイドルを探せ,吉田まゆみ,,ｍｉｍｉ,10,完結,恋愛,,
あいどんとこい,愛DON’T恋,中西やすひろ,,ヤングキング,10,完結,恋愛,,
あいのうたになりたい,愛の歌になりたい,麻原いつみ,,少女コミック,6,完結,恋愛,音楽,
あいのかめん,愛の仮面,三浦浩子,,,3,,恋愛,,
あいのこえ,アイノコエ,葉月かなえ,,,1,完結,短篇集,,
あいのことば,アイノコトバ,杉山美和子,,,1,完結,短篇集,,
あいのじだい,愛の時代,里中満智子 ,,,5,完結,恋愛,,
あいのために,愛のために,河原和音,,,1,完結,短篇集,,
あいのちから,ＡＩ・ノチカラ,いずみ哨,,,3,,恋愛,,
あいのてつじん,愛の鉄人,克本かさね,,恋愛LoveMAX,3,完結,恋愛,,
あいのはてに,愛の果てに,ありさか邦,,,4,,サスペンス,,
あいのふじつぼ,愛のふじつぼ,こいずみまり,,,2,完結,4コマ,,
あいのようにおどりなさい,愛のように幻想りなさい,石塚夢見,,プチコミック ,5,完結,恋愛,,
あいはかげろう,アイはカゲロウ,瀬口たかひろ,,,2,完結,ファンタジー,,
あいぱと,AI:ぱと!,やぎさわ景一,,,1,,SF,警察 警察官,
あいひかりとみずのだふね,アイ～光と水のダフネ～,士貴智志,,,1,完結,コメディー SF,,ア
あいひとつまさこ,愛ひとつ晶子,庄司陽子 ,,ヤングレディ,3,完結,恋愛,,
あいひめ,あいひめ,みつきかこ,,,3,完結,恋愛,,
あいむなむ,I'mナム,細野不二彦,,,3,完結,ファンタジー コメディー,,
あいよりあおし,藍より青し,文月晃,,,17,完結,恋愛,,ア ゲ
あいらぶはー,I LOVE HER,いくえみ稜,,,5,完結,,,
あいらぶべーすぼーる,I Love Baseball,水島新司,,ヤングチャンピオン,1,完結,,野球,
あいらぶゆー,I LOVE YOU,高瀬由香 ,,,6,完結,恋愛,,
あいらぶゆーといってくれ,愛羅武勇と言ってくれ！,たまきちひろ ,,恋愛LoveMAX,2,完結,恋愛,,
あいりきかふぇてりあ,愛カフェテリア　～いい男だらけの大学恋愛物語～ ,克本かさね,,恋愛LoveMAX,1,,恋愛,,
あいりすぜろ,アイリスZERO,	蛍たかな,	ピロ式,,4,,ファンタジー,,
あいりんどりーむ,あいりんドリーム,猫部ねこ,,,3,,コメディー,,
あいる,I'll,浅田弘幸,,,14,,,,
あいれん,愛人,田中ユタカ,,,5,,SF,,
あうたーぞーん,アウターゾーン,光原伸,,,15,完結,,,
あうとらんだーず,アウトランダーズ,真鍋譲治,,,8,完結,SF,,ア ゲ
あうとろー,OUT LAW,国友やすゆき,,,2,,ドラマ,弁護士,
あうとろー,アウトロー,コウノコウジ,木内一雅,,14,完結,ドラマ,野球 少年野球 監督,
あうとろーすたー,OUTLAW STAR,伊東岳彦,,,3,,,SF,
あおいうみのさしみ,青い海のサシミ,西川伸司,,,2,,ファンタジー,人魚,
あおいことしたい,AOI・こと・したい,すぎ恵美子,,少女コミック,6,完結,恋愛,,
あおいさまがいかせてあげる,葵さまがイかせてアゲル,水平きき,,,2,,,,
あおいしろかえいしょう,アオイシロ-花影抄-,片瀬優,麗川智之,,3,,,,
あおいそらのねおすふぃあ,蒼い空のネオスフィア,海野智,,,1,,,,
あおいちゃんとやまとくん,あおいちゃんとヤマトくん,師走冬子,,,4,,4コマ,,
あおいちゃんぱにっく,あおいちゃんパニック！,竹本泉,,,4,完結,SF,,
あおいとりしょうこうぐん,青い鳥症候群,河野やす子,,,10,,サスペンス,詐欺師,
あおいのゆうわく,碧いの誘惑,氷室芹夏,,,2,,,,
あおいはな,青い花,志村貴子,,,5,,,,
あおいふたり,青いふたり,椎名軽穂,,,1,完結,短篇集,,
あおいほのお,アオイホノオ,島本和彦,,,4,,,,
あおきうちゅうよりきみへ,蒼き宇宙より君へ,志水圭 ,,,10,,SF,,
あおきしんわまるす,蒼き神話マルス,本島幸久,,,13,完結,ドラマ,競馬 馬 ギャンブル,
あおきはがねのあるぺじお,蒼き鋼のアルペジオ,Ark Performance,,,3,,SF,,
あおきほのお,蒼き炎,石川サブロウ,,,12,完結,ドラマ,美術 画家,
あおきほのお,青き炎,柳沢きみお,,,6,,サスペンス,,
あおぞらいっぱいのらくがき,青空いっぱいのらくがき,立原あゆみ,,,3,完結,,,
あおぞらえーる,青空エール,河原和音,,,7,,ドラマ,音楽 トランペット 文化部 吹奏楽部,
あおぞらにとおくさけびたり,青空にとおく酒浸り,安永航一郎,,,3,,,,
あおぞらふろっぴぃ,青空ふろっぴぃ,細野不二彦,,,6,完結,スポーツ,サッカー,
あおになれ,青になれ！,倉持知子 ,,,4,完結 続編あり,スポーツ,バスケットボール,
あおになれこうこうへん,青になれ！ 高校編,倉持知子 ,,,5,完結 続編,スポーツ,バスケットボール,
あおのえくそしすと,青の祈祷師,加藤和恵,,,7,,ファンタジー,修道院 祓魔師,ア
あおのぐんぞう,青の群像,金子節子 ,,	Eleganceイブ,5,完結 続編あり,ドラマ,双子,
あおのぐんぞうけっこんじだい,青の群像　～結婚時代～,金子節子 ,,	Eleganceイブ,6,完結 続編,恋愛,,
あおのさんくとぅす,蒼のサンクトゥス,やまむらはじめ,,,5,,SF,,
あおのふういん,蒼の封印,篠原千絵 ,,少女コミック,11,,サスペンス,,
あおのみれにあむ,蒼のミレニアム,杜野亜希,,,6,,,,
あおのろくごう,青の6号,	小沢さとる,,,3,完結,,潜水艦,ア ゲ
あおばじてんしゃてん,アオバ自転車店,	宮尾岳,,ヤングキング,38,,ドラマ,自転車,
あおばもゆ,青葉燃ゆ,のんた丸孝,,,2,完結,,,
あおはらいど,アオハライド,咲坂伊緒,,,2,,,,
あおはるっ,アオハルッ！,みもり ,,プリンセス,3,完結,,,
あおみゆくゆき,青みゆく雪,宇仁田ゆみ,,,1,,,,
あおりんごめいきゅう,青りんご迷宮,さいとうちほ ,,プリンセス,3,,恋愛,,
あがーるず,A GIRLS,玉越博幸 ,イタバシマサヒロ,月刊コミックブレイド,3,完結,恋愛,,
あかいあぴる,赤い鳩,池上遼一,小池一夫,,6,完結,時代劇,新選組 日ユ同祖論,
あかいあぴる,赤い鳩アピル,池上遼一,小池一夫,,5,完結,歴史,幕末 日ユ同祖論,
あかいいと,赤い糸,村生ミオ,,ヤングチャンピオン,3,,恋愛,,
あかいしばふ,紅い芝生,弘兼憲史,小池一夫,,6,完結,スポーツ ドラマ,ゴルフ,
あかいちごしろいちご,アカイチゴシロイチゴ　,宇仁田ゆみ,,,1,完結,短編集,,
あかいつるぎ,緋色い剣,あずみ椋,,,10,,アクション ファンタジー,,
あかがみのしらゆきひめ,赤髪の白雪姫,あきづき空太,,LaLaDX,5,,ファンタジー,,
あかぎ,アカギ,福本伸行 ,,,19,,ドラマ,麻雀,
あかくさくこえ,あかく咲く声,緑川ゆき,,花とゆめ,3,,SF,,
あかしやのほし,アカシヤの星,たくまる圭,,,3,,ドラマ,幼稚園,
あかずきんちゃちゃ,赤ずきんチャチャ,彩花みん,,りぼん,13,,ファンタジー,魔法使い,
あかたんあおたん,紅たん碧たん,新谷かおる,,,2,完結,,,
あかちゃんとぼく,赤ちゃんと僕,羅川真里茂,,,18,,ドラマ,,
あかつきおとこじゅく,暁!!男塾,宮下あきら,,,25,,ギャグ,,
あかつきにたつらいおん,暁に立つライオン,篠原千絵,,,1,完結,サスペンス,,
あかつきのいーじす,暁のイージス,藤原芳秀,,,6,,アクション,,
あかつきのうみをゆけ,暁の海を征け,津雲むつみ,,ユー,6,完結,歴史 ドラマ,明治維新,
あかつきのきょうしつ,あかつきの教室,板倉梓,,,2,完結,ドラマ,,
あかつきのやみ,暁の闇,夏乃あゆみ,かわい有美子,月刊コミック アヴァルス,5,,歴史 ドラマ,平安時代,
あかつきのよな,暁のヨナ,草凪みずほ,,,6,,,,
あかでめいあのぼうけんしゃ,アカデメイアの冒険者,やまざき貴子,,,2,完結,SF,,
あかてんひーろー,あかてん☆ヒーロー!,南京ぐれ子,,,3,,アクション,,
あかとてつ,赤と鉄,あだちつよし,鍋島雅治,,2,,ドラマ,,
あかねいろにそまるさか,あかね色に染まる坂,酒月ほまれ,feng,,2,完結,学園 コメディー,,
あかねぐも,あかね雲,里中満智子,,,3,完結,ドラマ,,
あかねちゃんおーばーどらいぶ,あかねちゃん OVERDRIVE,桃栗みかん,,,2,,,,
あかねろじゅんじょう,茜色純情,庄司陽子,,ＢＥ・ＬＯＶＥ,3,完結,恋愛,,
あがぺ,アガペ,石黒正数,鹿島潤,,4,完結,,,
あかぼしいぶんすいこでん,AKABOSHI －異聞水滸伝－,天野洋一,,週刊少年ジャンプ,3,完結,歴史 アクション ファンタジー,中国 水滸伝,
あかめがきる,アカメが斬る！,田代哲也,タカヒロ,,3,,アクション ファンタジー,,
あかりをください,あかりをください,紺野キタ,,,1,完結,短編集,,
あがるた,アガルタ,松本嵩春,,ウルトラジャンプ,9,,SF,,
あきそら,あきそら,糸杉柾宏,,,6,完結,恋愛 ドラマ,近親相姦,
あきばしょ,アキバ署!,瀬尾浩史,,,3,,ドラマ,警察 IT,
あきはばらあっとでぃーぷ,アキハバラ@DEEP,アカネマコト,石田衣良,,6,,,,
あきはばらむほうがいがんめいど,アキハバラ無法街 ～GUN MAID～,杉村麦太,,チャンピオンRED,1,完結,SF,メイド喫茶,
あきひ,燁姫,佐伯かよの,,,18,完結,ドラマ,美術 贋作,
あきら,AKIRA,大友克洋,,,6,完結,SF アクション,,
あくあ,AQUA,天野こずえ,,,2,完結,ファンタジー,,
あくあないと,水中騎士,木城ゆきと,,,3,完結,アクション ファンタジー,,
あくじょしがん,悪女志願,里中満智子,,,4,完結,恋愛,,
あくじょのかがみ,悪女の鑑,和気一作,倉科遼,,2,完結,ドラマ,,
あくしょんしるくろーどそんごくう,アクションシルクロード　孫悟空,小島剛夕,小池一夫,,9,完結,ファンタジー,西遊記,
あくたー,アクター ,かわぐちかいじ ,,モーニング,14,,ドラマ,芸能界 俳優,
あくにんしがん,悪人志願,横山まさみち,梶山季之,,4,完結,ドラマ,,
あくのはな,惡の華　,押見修造,,,4,,,,
あくまがりかんよくのせいてんしへん,悪魔狩り -冠翼の聖天使篇-,戸土野正内郎,,月刊コミックブレイド,6,,ファンタジー,,
あくまがりしゅくめつのせいこうかへん,悪魔狩り -寂滅の聖頌歌篇-,戸土野正内郎,,月刊コミックブレイド,7,,ファンタジー,,
あくまがりでーもんはんたーず,悪魔狩り DaemonHunters,戸土野正内郎 ,,月刊コミックブレイド,1,,ファンタジー,,
あくまくん,悪魔くん,水木しげる,,,2,完結,ホラー,悪魔,
あくまたちのす,悪魔たちの巣,高階良子,,ミステリーボニータ,6,完結,サスペンス,,
あくまたちのぱらだいす,悪魔たちのパラダイス,高階良子,,ミステリーボニータ,2,完結,サスペンス,,
あくまでじゅんじょう,アクマで純愛,池沢理美,,別冊フレンド,2,完結,コメディー,多重人格,
あくまでそうろう,悪魔で候,高梨みつば,,別冊マーガレット,7,,恋愛,,
あくまとらぶそんぐ,悪魔とラブソング,桃森ミヨシ,,マーガレット,13,完結,ドラマ,学園,
あくまなえろす,悪魔なエロス,新條まゆ,,,4,,ファンタジー,悪魔,
あくまのようなあなた,悪魔のようなあなた,松本ななこ,,Cheese!,5,,恋愛,,
あくめつ,アクメツ,余湖裕輝,田畑由秋,週刊少年チャンピオン,19,完結,アクション,,
あげいん,アゲイン！！,久保ミツロウ,,,1,,,,
あけちみつひで,明智光秀,岡村賢二,,,1,完結,歴史,戦国時代,
あげはでんせつ,胡蝶伝説,池田ユキオ,,ユー,4,完結 続編あり,ドラマ,風俗 キャバクラ,
あげはでんせつろっぽんぎげきとうへん,胡蝶伝説～六本木激闘編～,池田ユキオ,,ユー,2,続編,ドラマ,風俗 キャバクラ,
あけぼのソックス,あけぼのソックス,安永知澄,,,1,,恋愛,,
あこがれたいゆめ,あこがれたい夢,,,少女コミック,6,,恋愛,,
あことさむらいたち,亜子とサムライたち,志賀公江,,,2,,恋愛,,
あごなしげんとおれものがたり,アゴなしゲンとオレ物語,平本アキラ,,	ヤングマガジン,32,,コメディー,,
あざ,あざ,茶屋町勝呂,,,2,,歴史,坂本龍馬 幕末,
あさぎりのみこ,朝霧の巫女,宇河弘樹,,ヤングキングアワーズ,7,,ファンタジー,,
あさくらくんちょっと,朝倉くんちょっと！,石塚夢見,大石けんいち,,22,,ドラマ,OL,
あさしんあんさつしゃらん,アサシン―暗殺者―蘭,安堂久美子,横溝邦彦,,5,,サスペンス,殺し屋,
あさってだんす,あさってDance,山本直樹,,,4,,恋愛,,
あさひなぐ,あさひなぐ,こざき亜衣,,,2,,スポーツ,格闘技 薙刀,
あさまでもっと,朝まで、もっと。,湯町深,,Cheese!,2,,恋愛,,
あさもひるもよるも,朝も、昼も、夜も。,青木琴美,,少女コミック,2,,恋愛,,
あさりちゃん,あさりちゃん,室山まゆみ,,,96,,コメディー,,
あじあへんげんき,アジア変幻記,坂田靖子,,,3,,ファンタジー,,
あじいちもんめ,味いちもんめ,倉田よしみ,あべ善太,,33,,ドラマ,グルメ 和食 料理人,
あしかがあなーきー,足利アナーキー,吉沢潤一,,ヤングチャンピオン,2,,アクション,,
あしたかがやく,あした輝く,里中満智子 ,,,2,完結,歴史 恋愛,第二次世界大戦,
あしたかっぷいん,明日カップイン,木村えいじ,小池一夫,,12,完結,スポーツ ドラマ,ゴルフ,
あしたてんきになあれ,あした天気になあれ,ちばてつや ,,,58,完結,スポーツ,ゴルフ,
あしたのじょー,あしたのジョー,ちばてつや,高森朝雄(梶原一騎),週刊少年マガジン,20,完結,スポーツ,ボクシング,ア
あしたのよいち,明日のよいち!,みなもと悠,,月刊少年チャンピオン,15,,学園 コメディー,ハーレム,
あしたをだきしめて,明日を抱きしめて,ありさか邦,,,6,,恋愛,,
あしっどたうん,ACID TOWN,ありさか邦,,,2,,恋愛,,
あしゅら,アシュラ,ジョージ秋山,,,3,完結,時代劇 ドラマ,飢饉,
あすくれぴおす,アスクレピオス,内水融,,週刊少年ジャンプ,3,完結,歴史 ファンタジー,医療,
あすこーまーち,アスコーマーチ!,アキヤマ香,,,3,,学園ドラマ,工業高校,
アスターリスク,アスターリスク,赤石路代 ,,,2,,サスペンス,,
あすなろざか,あすなろ坂,里中満智子 ,,,9,,時代劇 恋愛,幕末,
あすなろはくしょ,あすなろ白書,柴門ふみ,,,3,完結 続編あり,恋愛,,
あすなろはくしょだいにぶ,あすなろ白書 第II部,柴門ふみ,,,3,完結 続編,恋愛,,
あすぴりんだんでぃー,あすぴりんDANDY,富沢順,,,4,,ドラマ,芸能界 俳優,
あずまんがだいおう,あずまんが大王,あずまきよひこ,,月刊コミック電撃大王,4,完結,４こま 学園,,ア
あすみ,明日美,三浦みつる,,,3,,コメディー,,
あずみ,あずみ,小山ゆう,,,48,完結,アクション 時代劇,,映
あすみげんだいへん,明日美現代編,三浦みつる,,,1,,コメディー,,
あすみみらいへん,明日美未来編,三浦みつる,,,1,,コメディー,,
あすら,ASURA ,中村理恵,,,3,,ファンタジー,,
あせんぶらーおーえっくす,Ａｓｓｅｍｂｌｅｒ　０Ｘ,麻宮騎亜 ,,アフタヌーン,4,完結,コメディー,,
あそびにいくよ,あそびにいくヨ！,８８８,神野オキナ,月刊コミックアライブ,5,,SF コメディー,宇宙人,
あたしがでんせつ,あたしが伝説,くさか里樹,,,4,,スポーツ,ゴルフ,
あたふたらぶ,あたふたLOVE!,あべつくも,,,1,,,,
あついぜへんちゃん,熱いぜ辺ちゃん,福本伸行 ,,,2,,ドラマ,麻雀,
あっぱれじぱんぐ,天晴じぱんぐ！,渡瀬悠宇 ,,少女コミック,3,,恋愛,,
あっぷるしーど,アップルシード ,士郎正宗,,,2,完結,SF,,
あっぷるぱらだいす,アップルパラダイス ,竹本泉 ,,,3,,コメディー,,
あっぷるまーち,アップルマーチ,里中満智子 ,,,2,,恋愛,,
あてやのつばき,当て屋の椿,川下寛次,,,5,,時代劇 ミステリー,,
あどにすのゆううつなひび,アドニスの憂鬱な日々,高階良子 ,,,5,,サスペンス,,
あとむこんじゃくものがたり,アトム今昔物語,手塚治虫 ,,,3,完結,SF,ロボット,
あとらんてぃすないつ,アトランティス騎士団,いがらしゆみこ ,,,3,,恋愛,,
あとりしょう,アトリ抄,田代琢也 ,,,7,,ファンタジー,,
あどるふにつぐ,アドルフに告ぐ,手塚治,,,5,完結,歴史 ドラマ,第二次世界大戦 アドルフ・ヒトラー,
あどれなりんくらぶ,あどれなりんCLUB,河野やす子,,,3,,恋愛,,
あとんのむすめ,アトンの娘,里中満智子 ,,,3,,歴史 ドラマ,古代エジプト,
あなたにほのじ,あなたにホの字,こやまゆかり ,,ｍｉｍｉ,11,,恋愛,,
あなんのちきゅう,アナンの地球,戸部けいこ,,プリンセス,3,,SF,宇宙人,
あにまるどくたーよしの,アニマルDr．由乃,小山田いく,,,2,,ドラマ,医療 獣医,
あねおと,あねおと ,元町夏央 ,,,3,,ドラマ,学園,
あねのけっこん,姉の結婚,西炯子,,,1,,,,
あのこといっしょ,あのコと一緒,藤末さくら,,,13,,恋愛,,
あのこにせんぱーせんと,あのこに1000％,北川みゆき,,,5,,恋愛,,
あのやまこえて,あの山越えて,夢路行 ,,フォアミセス,11,,恋愛,,
あひるのそら,あひるの空,日向武史,,週刊少年マガジン,33,,スポーツ ドラマ,バスケットボール,
あぷさらす,アプサラス ,深山雪男,安部譲二,ヤングサンデー,8,,ドラマ,,
あぶさん,あぶさん,水島新司,,,99,,スポーツ ドラマ,野球,
あぶないはいひーる,あ・ぶ・な・いハイヒール,佐香厚子 ,,,7,,恋愛,,
あぶれもん,あぶれもん,嶺岸信明 ,来賀友志,,4,,ドラマ,麻雀,
あぷろーずかっさい,アプローズ-喝采-,有吉京子 ,,,6,,恋愛,,
あべのせいめい,安倍晴明,真崎春望 ,,ほんとうに怖い童話,3,,歴史,平安時代 陰陽師,
あほうどりのとまりぎ,高井研一郎 ,やまさき十三,,,3,,スポーツ コメディー,ゴルフ,
あぽろのうた,アポロの歌,,,,3,完結,恋愛,,
あほんだら,あほんだら,こしばしげる ,,ヤングチャンピオン,2,,学園 コメディー,,
あほんだら,あほんだら,こしばしげる,,ヤングチャンピオン,1,,,,
あまいあくまがわらう,甘い悪魔が笑う,鳥海ペドロ,,	なかよし,2,,恋愛,,
あまくみんなよ,甘くみんなよ！,森素子 ,,,8,,ドラマ,警察 刑事,
あまぞんべびい,アマゾンベビイ ,石ノ森章太郎,,,2,完結,SF,,
あまやかなはなのけつぞく,甘やかな花の血族,冬森雪湖 ,,,2,,恋愛,,
あみのんすとっぷ,亜未！ノンストップ,北川みゆき,,少女コミック,12,,ドラマ,芸能界 音楽 歌手,
あめりかなんてだいきらい,アメリカなんて大きらい！,高梨みどり,,モーニング,2,,ドラマ,,
あや,AYA,速水翼,,,3,完結,SF,超能力,
あや,AYA,克・亜樹,,,1,,恋愛,,
あやかしこいえまき,あやかし恋絵巻,新條まゆ,,マーガレット,3,,ファンタジー 恋愛,巫女,
あやこ,奇子,手塚治虫 ,,,3,完結,ドラマ,,
あやしのせれす,妖しのセレス,渡瀬悠宇 ,,少女コミック,14,,サスペンス,,
あやのしき,彩の四季,石川サブロウ,青内彰生,,5,,ドラマ ,グルメ フードコーディネーター,
あやほすてすじゅうはっさい,綾。ホステス、18歳。,みづき水脈,藤森直子,デザート,7,,コメディー,風俗 キャバクラ,
あやほすてすにじゅうにさい,綾。ホステス、２２歳。,みづき水脈,,デザート,2,,コメディー,風俗 クラブ,
あゆまゆ,あゆまゆ,鈴野哲次,しおたろう,月刊少年チャンピオン,5,,コメディー,,
あらいぶさいしゅうしんかてきしょうねん,アライブ-最終的進化少年-,あだちとか,河島正,月刊少年マガジン,21,完結,SF,超能力,
あらかわあんだーざぶりっじ,荒川アンダーザブリッジ,中村光,,,12,,コメディー,,
あらくれないと,荒くれKNIGHT,吉田聡,,	ヤングチャンピオン,28,,ドラマ,暴走族 不良,
あらくれないとくろいざんきょうかんけつへん,荒くれKNIGHT　黒い残響完結編,吉田聡 ,,ヤングチャンピオン,3,,ドラマ,暴走族 不良,
あらばすたー,アラバスター,手塚治虫 ,,,2,完結,SF,,
あららぎとっきゅう,アララギ特急,かわぐちかいじ ,,モーニング,3,,ドラマ,,
ありあ,アリア,天野こずえ,,月刊ステンシル,2,,ファンタジー,,
ありーず,アリーズ ,冬木るりか,,	プリンセス,20,,ドラマ,,
ありーずつーよみがえるせいざきゅう,アリーズII　～蘇る星座宮～,冬木るりか,,プリンセス,8,,ドラマ,,
ありえすのおとめたち,アリエスの乙女たち,里中満智子 ,,,8,,恋愛,,
ありおん,アリオン ,安彦良和,,,5,,SF,,
ありさ,ア・リ・サ,すぎ恵美子,,,4,,サスペンス,,
ありさ,ＡＲＩＳＡ ,安藤なつみ,,なかよし,7,,サスペンス,,
ありすとぅえるぶ,ALICE12,新谷かおる,,,1,完結,,,
ありすないんてぃーんす,ありす19th,渡瀬悠宇,,少女コミック,7,,ファンタジー,,
ありときょじん,アリと巨人,手塚治虫 ,,,1,,ドラマ,,
ありんこのうた,アリンコの歌,ちばてつや ,,,3,,ドラマ,教師,
あるくべいん,アルクベイン ,衣谷遊 ,たかしげ宙,ヒーロークロスライン,3,,SF アクション,,
あるご,ALGO！,荻野真 ,,,3,,SF,,
あろえってのうた,アロエッテの歌,犬木加奈子 ,,,7,,ホラー,,
あろまちっくびたーず,アロマチック・ビターズ,桜沢エリカ,,,2,,恋愛,,
あんじぇら,アンジェラ!!,ソラニユホ ,秋山舞子,デザート,3,,恋愛,,
あんじゅうのち,安住の地,山本直樹 ,,,2,,ドラマ,,
あんだーぐらうんど,UNDERGROUND,たがみよしひさ,本橋信宏,ヤングチャンピオン,2,完結,,,
あんたのだいりにん,あんたの代理人,高井研一郎,,,6,,ドラマ,弁護士,
あんどろめだすとーりーず,アンドロメダ・ストーリーズ,竹宮惠子 ,光瀬龍,,3,,SF,,
あんなさんのおまめ,アンナさんのおまめ,鈴木由美子,,Ｋｉｓｓ,6,,コメディー,,
あんはあん,アンはアン,いがらしゆみこ ,,,3,,恋愛,,
あんぱんの,アンパンの。,小橋もと子,,ＢＥ・ＬＯＶＥ,2,,恋愛,,
あんふぃにっしゅどそなた,未完成奏鳴曲,柘植かおる,,,2,,恋愛,,
いーぐる,イーグル,かわぐちかいじ,,,11,,ドラマ,選挙 大統領,
いいこでなんかいられない,いいコでなんかいられない,折原みと,,,1,,,,
いーじー,Ｅａｓｙ！,池沢理美 ,,別冊フレンド,2,,恋愛,,
いいなりきゅうけつき,いいなり!! 吸血姫,草壁レイ,,コミックアライブ,3,,コメディー,吸血鬼,
いいんちょうのひめごと,委員長の秘メゴト,藍川さき,,少女コミック,2,,恋愛,,
いがずきん,伊賀ずきん,たなかのか ,,月刊コミックブレイド,5,,コメディー 歴史,忍者 戦国時代,
いがのかげまる,伊賀の影丸,横山光輝 ,,,15,完結,アクション 時代劇,忍者,
いぎあり,異議あり！,井上恵美子 ,,,3,,ドラマ,弁護士,
いぎょうのかげ,異形の影,東城和実,,,2,,ホラー,,
いくひゃくせいそう,幾百星霜,雁須磨子 ,,,2,,恋愛,,
いけいけさくら,いけいけ！ さくら,雁須磨子 ,,,4,,恋愛,,
いけいなちゅうたっきゅうぶ,行け！稲中卓球部,古谷実 ,,ヤングマガジン,13,完結,コメディー スポーツ,卓球,
いけてるでか,イケてる刑事,佐野タカシ,,ヤングキングキングダム,9,,コメディー,警察 刑事,
いけてるふたり,イケてる２人,佐野タカシ,,	ヤングキング,33,,恋愛 コメディー,,
いけないいんびてーいしょん,ＩＫＥＮＡＩ！　いんびテーション,こしばてつや ,,	ヤングマガジン,12,完結,コメディー,,
いけないこいびとたち,イケナイ恋人たち,くさか里樹,,,2,,恋愛,,
いけないるなせんせい,いけない！ルナ先生,上村純子 ,,月刊少年マガジン,5,,コメディー,,
いけぶくろうえすとげーとぱーく,池袋ウエストゲートパーク,有藤せな,石田依良,ヤングチャンピオン,4,完結 続編あり,,,
いけぶくろうえすとげーとぱーくあーる,池袋ウエストゲートパークR,有藤せな,石田依良,ヤングチャンピオン,2,,,,
いざかやはちべえ,居酒屋八兵衛,杉浦要之介,倉科遼,,1,完結,ドラマ,居酒屋,
いしのはな,石の花,坂口尚 ,,,6,,ドラマ,第二次世界大戦 ポーランド,
いじわるしないで,イジワルしないで！,青木琴美 ,,少女コミック,2,,恋愛,,
いずぁーろんでんせつ,イズァローン伝説,竹宮惠子,,,12,,歴史 ドラマ,,
いたずら,恋愛～いたずら～,立原あゆみ,,,5,,ドラマ,暴力団,
いたずらなきす,イタズラなKiss,多田かおる,,,23,,恋愛,,
いちげきでん,一撃拳,大島やすいち,,,3,,アクション,格闘技 拳法,
いちごとあんず,イチゴとアンズ,加藤友緒 ,,クッキー,5,,恋愛,双子,
いちごましまろ,苺ましまろ,	ばらスィー,,月刊コミック電撃大王,6,,コメディー,,
いちじゅうろうとおらんさま,一十郎とお蘭さま,高見まこ,南條範夫,,3,,時代劇 恋愛,,
いちにのあっほ,１・２のアッホ!!,コンタロウ ,,週刊少年ジャンプ,10,完結,コメディー,野球,
いちにのさんしろう,1・2の三四郎,小林まこと,,週刊少年マガジン,20,完結 続編あり,スポーツ コメディー,ラグビー 柔道 プロレス,
いちばん ,いちばん ,小沢としお,,,6,,スポーツ,野球,
いっかにぶんのいちからのあい,1　1/2からの愛,松久寿仁,伊藤裕作,,4,,ドラマ,風俗,
いっきまんだら,一輝まんだら,手塚治虫,,,2,完結,歴史 ドラマ,中国,
いっしょけんめいはじめくん,いっしょけんめいハジメくん,コンタロウ ,,,17,完結,コメディー,サラリーマン,
いつでもはるか,いつでもはるか,刀根夕子,,,5,,ドラマ,,
いつでもゆめを,いつでも夢を,原秀則,,,6,完結,ドラマ,漫画家,
いっぺい,一平,太田垣康男,,漫画アクション,10,完結,ドラマ,警察 警察官,
いっぽん,いっぽん！,佐藤タカヒロ,,週刊少年チャンピオン,14,完結,スポーツ,柔道,
いっぽんぼうちょうまんたろう,一本包丁満太郎,ビッグ錠,,,33,完結,ドラマ,グルメ 料理人 和食,
いてぃはーさ,イティハーサ,水樹和佳子,,,15,,SF,,
いでじゅう,いでじゅう！,モリタイシ ,,,13,,スポーツ コメディー,柔道,
いとしのえりー,いとしのエリー,高見まこ,,,10,,恋愛,,
いとしのかな,愛しのかな,高見まこ,,,3,,恋愛,,
いとしのくわあんぐりこ,愛しのクワアングリコ,高井研一郎,やまさき十三,,3,完結,スポーツ コメディー,ゴルフ,
いとしのせいさんかくけい,愛しの聖三角形,小越なつえ,,,2,完結,恋愛,,
いとしのちぃぱっぱ,愛しのチィパッパ,北見けんいち,やまさき十三,,20,完結,ドラマ,,
いなづまおふぃす,稲妻オフィス,青乃多万実,,,3,,恋愛,,
いにしえのみどりふかきちに,いにしえの緑深き地に,速水翼,,,2,完結,ドラマ,,
いにしゃるでぃー,頭文字D,しげの秀一,,,77,,ドラマ,レース 車,
いぬ,いぬ,柏木ハルコ,,ヤングサンデー,6,,恋愛,,
いぬがみ,犬神,外薗昌也,,アフタヌーン,14,完結,ファンタジー,動物 犬,
いぬじまこうこうこうしんきょく,犬嶋高校行進曲,小松大幹 ,,ヤングキング,3,完結,ドラマ,不良,
いぬとおじょうさま,犬とお嬢様,私屋カヲル,,,3,,恋愛,,
いぬやしゃ,犬夜叉,高橋留美子,,,56,完結,アクション ファンタジー,,ア
いのせんとげーむ,イノセントGAME,高橋美由紀,,ミステリーボニータ,2,完結,サスペンス,,
いのち,いのち,ももち麗子,,	デザート,5,完結,サスペンス,双子,
いのちのうつわ,いのちの器,上原きみ子,,,55,,ドラマ,医療 産婦人科 医師,ド
いのちのかがやき,命の輝き,吉崎凪,未来,,3,,ドラマ,,
いはーぶのせいかつ,イハーブの生活,小路啓之 ,,アフタヌーン,3,完結,ドラマ,,
いびつ,いびつ ,岡田和人 ,,ヤングチャンピオン,2,完結,恋愛,,
いへいじとわらわ,伊平次とわらわ,坂田靖子 ,,,2,完結,SF,,
いまどき,イマドキ！,渡瀬悠宇 ,,少女コミック,5,,恋愛,,
いもうとはししゅんき,妹は思春期,氏家ト全,,ヤングマガジン,10,,コメディー,,
いらっしゃい,いらっしゃい！,ありさか邦,,,3,,恋愛,,
いりーがるめさいあ,不法救世主,篠原烏童 ,,,6,,時代劇,,
いりゅう,医龍,乃木坂太郎,永井明,ビッグコミックスペリオール,25,完結,ドラマ,医療 外科医,ド
いりょうそうさかん,医療捜査官,長尾文子,酒井直行,	プレイコミック,1,,ドラマ,警察 刑事,
いるげねすこくようのきせき,イルゲネス-黒耀の軌跡-,石据カチル,桑原水菜,月刊コミックアヴァルス,5,,ドラマ,,
いれぶん,イレブン,高橋広,七三太朗,,43,,スポーツ,サッカー,
いれぶんそうる,イレブンソウル,戸土野正内郎 ,,月刊コミックブレイド,10,,SF,,
いろけしゅぎょう,色気修行,横山まさみち,,,4,,コメディー,落語家,
いろこいし,艶恋師,みね武,倉科遼,,3,完結 続編あり,ドラマ,,
いろこいしほうろうへん,艶恋師放浪編,みね武,倉科遼,,5,完結 続編,ドラマ,,
いろどりのころ,彩りのころ,津雲むつみ,,,2,,恋愛,,
いんかまぼろしていこく,インカ幻帝国,高階良子 ,,プリンセス,1,完結,短篇集,,
いんしゅうでんせつ,殷周伝説,横山光輝,,,22,完結,歴史 ドラマ,中国,
いんせくつ,インセクツ ,杉山敏 ,,幻蔵,4,,SF,,
いんどめおとぢゃわん,インド夫婦茶碗,流水りんこ,,本当にあった笑える話,9,,コメディー,国際結婚,
いんぱくと,IMPACT,竜崎遼児 ,坂田信弘,,25,,スポーツ ドラマ,ゴルフ,
ヴぁるきりーぷろふぁいるよんこままんがげきじょう,ヴァルキリープロファイル4コママンガ劇場,アンソロジー,,,9,完結,,,
ヴぁんぱいあせいヴぁーよんこままんがげきじょう,ヴァンパイアセイヴァー4コママンガ劇場,アンソロジー,,,1,完結,,,
うぃーにーどきす,WE NEED KISS,才谷ウメタロウ,,ヤングキング,3,,恋愛,,
ういにんぐちけっと,ウイニング・チケット,小松大幹 ,河村清明,ヤングマガジン,18,,ドラマ,ギャンブル 競馬,
ういんどみる,ウインドミル,橋口たかし,,,11,完結,スポーツ ドラマ,ソフトボール,
うぇいくあっぷ,Wake up！,松浦聡彦 ,,,3,,SF,,
うえきのほうそく,うえきの法則,福地翼,,,16,,ファンタジー コメディー,,
うえきのほうそくぷらす,うえきの法則プラス,福地翼,,,5,,ファンタジー コメディー,,
うえすぎけんしん,上杉謙信,岡村賢二,,,2,完結,歴史 ドラマ,上杉謙信 戦国時代,
うえでぃんぐへようこそ,ウエディングへようこそ,小林博美 ,,,3,,恋愛 ドラマ,結婚式場,
うぇでぃんぐべるさんじゅうご,ウェディングベル35,まつもと史子,,,3,,恋愛,,
うえをしたへのじれった,上を下へのジレッタ,手塚治虫,,,2,完結,SF ドラマ,,
うぉーきんばたふらい,Walkin’Butterfly,たまきちひろ ,,ｅａｓｅ　ＣＯＭＩＣＳ,4,,ドラマ,ファッションモデル,
うぉーくらい,魚CRY,片山誠,小池一夫,,8,完結,ドラマ,,
うきよつやぞうし,浮世艶草子,八月薫,,,3,,時代劇,風俗,
うさぎがはしる,兎が走る,弘兼憲史,小池一夫,,2,完結,ドラマ,,
うさぎがはしる,兎が走る,弘兼憲史 ,小池一夫,,2,完結,ドラマ,警察 刑事,
うさぎちゃんねる,USAGIちゃんねる,すぎ恵美子,,,7,,恋愛,,
うさぎどろっぷ,うさぎドロップ,宇仁田ゆみ,,,9,完結,ドラマ,養子,映 ア
うさぎのたまさぶろう,兎の玉三郎,大島やすいち,小池一夫,,6,完結,,,
うさぎやせいのとうはい,兎野性の闘牌,伊藤誠 ,,,8,,ドラマ,麻雀,
うさたん,ウサ探,御童カズヒコ,,ヒーロークロスライン,2,,コメディー,探偵,
うさひよ,うさひよ,清水アイ,,月刊コミック アヴァルス,2,,コメディー,暴力団,
うしおととら,うしおととら,藤田和日郎,,週刊少年サンデー,33,,ファンタジー,妖怪,
うしのおっぱい,牛のおっぱい,菅原雅雪,,モーニング,5,,ドラマ,酪農 動物 牛,
うしみつのもり,丑三つの森,風間宏子,,プリンセス,4,,ホラー,,
うしろのひゃくたろう,うしろの百太郎,つのだじろう ,,,8,,ホラー,心霊,
うそつきりりぃ,うそつきリリィ,小村あゆみ,,マーガレット,4,,恋愛,,
うだうだやってるひまはねぇ,ウダウダやってるヒマはねェ！,米原秀幸,,	ヤングチャンピオン,21,,コメディー,,
うちのぽちのいうことには,うちのポチの言うことには,橘裕,,LaLa,3,,恋愛,,
うちゅうかぞくかーるびんそん,宇宙家族カールビンソン,あさりよしとお ,,,11,,SF コメディー,,
うちゅうきょうだい,宇宙兄弟,小山宙哉,,モーニング,14,,ドラマ,宇宙 秘中飛行士,
うっちゃれごしょがわら,うっちゃれ五所瓦,なかいま強,,少年サンデー,12,完結,スポーツ ドラマ,相撲,
うっどのーと,ウッド・ノート,小山田いく,,週刊少年チャンピオン,8,,ドラマ,バードウォッチング部 文化部,
うっははーれむがくせいりょう,ウッハ！ハーレム学生寮,松浦まどか,,ヤングマガジン,7,,コメディー,,
うつほぞうし,うつほ草紙,諏訪緑,,,5,,歴史 ファンタジー,,
うぶうぶ,U・BU・U・BU,すぎ恵美子,,	少女コミック,6,,恋愛,,
うぶかわ,ウブかわ,堂本奈央 ,,Cheese!,5,,恋愛,,
うまいはなしにゃさかなあり,美味い話にゃ肴あり,ラズウェル細木,,,6,,ドラマ,グルメ 居酒屋,
うまがゆく,馬がゆく！,石ノ森章太郎,,,5,完結,恋愛,,
うまれてきたから,生まれてきたから,伊藤悶,,,3,,恋愛,,
うみづる,海鶴,森秀樹,,,3,,歴史 ドラマ,,
うみねこていへようこそ,海猫亭へようこそ,村尾忠義 ,剣名舞,,10,,ドラマ,グルメ フランス料理,
うみのおーろら,海のオーロラ,里中満智子,,,7,,歴史 恋愛,エジプト,
うみのたいりくのあ,海の大陸ノア,じゅきあきら,,ボンボン,2,,SF コメディー,,
うみのとりとん,海のトリトン,手塚治虫,,,4,完結,ファンタジー,,
うみのやみつきのかげ,海の闇、月の影,篠原千絵 ,,少女コミック,18,,サスペンス,双子,
うめずかずおこわいほん,楳図かずおこわい本,楳図かずお,,,14,,ホラー,,
うらぴーちがーる,裏ピーチガール,上田美和 ,,別冊フレンド,3,,恋愛,,
うらめしや,うらめしや ,魔木子 ,,,12,,時代劇 ホラー,,
うりゅうどうゆめばなし,雨柳堂夢咄 ,波津彬子 ,,ネムキ,12,,ホラー,,
うるとらせぶん,ウルトラセブン,桑田次郎,,,58,,アクション,,
うるとらぱにっく,ウルトラ・パニック,斎藤岬 ,,ルチル,4,,恋愛 コメディー,生徒会,
うるとらまん,ウルトラマン,一峰大二,,,46,完結,SF アクション,,ド 映
うわさのぼーい,うわさのBOY,みやすのんき ,,,2,,恋愛 コメディー,,
うわさのみどりくん,うわさの翠くん!!,池山田剛 ,,少女コミック,10,,スポーツ,サッカー,
うんかんはるかに,雲漢遥かに,黄十浪 ,,,3,,歴史,中国,
うんめいのきずな,運命の絆,河野やす子,ペニー・ジョーダン,,3,,恋愛,,
えあーよんこままんがげきじょう,AIR4コママンガ劇場,アンソロジー,,,2,完結,４コマ,,
えあぎあ,エア・ギア,大暮維人,,週刊少年マガジン,31,,スポーツ アクション,インラインスケート,
えいえんのぜろ,永遠の0,須本壮一 ,百田尚樹,,2,,サスペンス,,
えいえんのゆめ,永遠の夢,月島綾 ,百音,,2,,恋愛,,
えいじさーてぃーふぁいぶ,Age，35,柴門ふみ,,,2,,恋愛,,
えいち,Ｈ―エイチ―,桜井まちこ,,別冊フレンド,6,,恋愛,,
えいちつー,H2,あだち充,,週刊少年サンデー,34,完結,スポーツ,野球,
えいりあんどおり,エイリアン通り,成田美名子 ,,	LaLa,4,,ドラマ,,
えいりあんないん,エイリアン9,富沢ひとし,,ヤングチャンピオン,3,完結,,,
えーいけんどう,エーイ！剣道,村上もとか,,,3,,スポーツ,剣道,
えーでぃーものがたり,AD物語,国友やすゆき,,,2,,ドラマ,広告 コピーライター,
えがおのひみつ,笑顔のひみつ,倉持知子 ,,,2,,恋愛,,
えきいんじょにー,駅員ジョニー,高橋のぼる,末田雄一郎,モーニング,7,,ドラマ,鉄道 鉄道員,
えきぞーすとうるふ,餓狼（エキゾーストウルフ）,森左智 ,,ヤングキング,2,,ドラマ,暴走族 バイク,
えきどな,エキドナ ,冬木るりか,,	プリンセス,5,,ファンタジー,悪魔,
えきべんひとりたび,駅弁ひとり旅,はやせ淳,櫻井寛,漫画アクション,10,,ドラマ,グルメ 鉄道 駅弁,
えくすぷろーらーうーまんれい,EXPLORER WOMAN RAY,岡崎武士 ,,,2,,アクション,考古学,
えくせるさーが,エクセル・サーガ,六道神士 ,,ヤングキングアワーズ,8,,コメディー,,
えくそしすたーまりあ,エクソシスターマリア,井萩寿一,,ヤングチャンピオン,2,完結,,,
えこえこあざらく,エコエコアザラク,古賀新一,,週刊少年チャンピオン,19,完結 続編あり,ホラー,黒魔術,
えこえこあざらくつー,エコエコアザラク２,古賀新一 ,,週刊少年チャンピオン,6,完結 続編,ホラー,黒魔術,
えす,ＥＳ,惣領冬実 ,,モーニング,8,,SF,超能力,
えす,S,水城せとな,,プリンセス,3,,スポーツ,バドミントン,
えすおーえす,Ｓ・Ｏ・Ｓ,細野不二彦 ,,漫画アクション,2,,サスペンス,,
えすとえむ,ＳとＭ,村生ミオ,,,19,,サスペンス,,
えすぴー,SPセキュリティポリス,国友やすゆき,,,3,,ドラマ,警察 刑事 SP,
えすぷりと,エスプリト ,筒井大志 ,,月刊コミックブレイド,7,,ファンタジー アクション,,
えすぺらんさ,エスペランサ ,かわい千草 ,,,3,,恋愛,,
えっちすりーすくーる,H3スクール！,高田りえ,,少女コミック ,5,,恋愛,,
えでんのき,エデンの樹,河野やす子,,,5,,ドラマ,,
えでんのとりる,楽園のトリル,藤田麻貴 ,,プリンセス,8,,ドラマ,,
えどまえのしゅん,江戸前の旬,さとう輝,九十九森,,60,,ドラマ,グルメ 寿司,
えのしまじょしこうらぐびーぶ,江の島女子高ラグビー部！！,くじらいいく子,,ヤングマガジン,1,完結,スポーツ,ラグビー,
えのもと,えの素,榎本俊二 ,,	モーニング,9,,コメディー,,
えぴろーぐのあとで,エピローグのあとで,くさか里樹,,,4,,恋愛,,
えふ,F,六田登 ,,,28,完結 続編あり,スポーツ ドラマ,モータースポーツ レース,
えぼとらんすまい,エポトランス！舞,渡瀬悠宇 ,,,2,,ファンタジー,,
えむえむあーるまがじんみすてりーちょうさはん,MMRマガジンミステリー調査班,石垣ゆうき,,週刊少年マガジン,13,完結,ミステリー,超常現象,
えむぜろ,エム×ゼロ,叶恭弘,,週刊少年ジャンプ,10,完結,学園 ファンタジー,,
えらん,エラン,新谷かおる,,,3,完結,,,
えりあえいてぃーえいと,エリア88,新谷かおる,,,23,完結,戦争 アクション,戦闘機 傭兵,ア ゲ
えりあのきし,エリアの騎士,月山可也 ,伊賀大晃,週刊少年マガジン,24,,スポーツ,サッカー,
えりあはちじゅうはち,エリア88,新谷かおる,,月刊コミックフラッパー,13,完結,ドラマ,戦争 傭兵 パイロット 戦闘機 飛行機,
えりーとやんきーさぶろう,エリートヤンキー三郎,阿部秀司 ,,ヤングマガジン,26,完結 続編あり,コメディー,不良,
えりーとやんきーさぶろうだいにぶ,エリートヤンキー三郎　第２部,阿部秀司 ,,ヤングマガジン,25,続編,コメディー,不良,
える,エル,高橋美由紀 ,,ミステリーボニータ,11,,ファンタジー,,
えるでぃーけー,Ｌ・ＤＫ,渡辺あゆ,,別冊フレンド,4,,恋愛,,
えれめんたるじぇれいど,EREMENTAR GERAD,東まゆみ,,	月刊コミックブレイド,18,完結 続編あり,アクション ファンタジー,,
えれめんたるじぇれいどそうくうのせんき,EREMENTAR GERAD　-蒼空の戦旗-,東まゆみ,,月刊コミック アヴァルス,6,続編,アクション ファンタジー,,
えろいかこうていなぽれおん,エロイカ　－皇帝ナポレオン－,池田理代子 ,,,12,完結,歴史 ドラマ,フランス ナポレオン,
えんげきぶごふんまえ,演劇部5分前,百名哲,,,1,,コメディー,文化部 演劇部,
えんじぇりっくるーん,エンジェリック・ルーン,立野真琴 ,,,3,,ファンタジー,,
えんじぇる,エンジェル ,高瀬由香 ,,,6,,恋愛,,
えんじぇるこうこう,エンジェル高校,犬上すくね,,,3,,ファンタジー,,
えんじぇるしーずんつー,ANGEL SEASON II,遊人 ,,,5,,恋愛,,
えんじぇるにっし,エンジェル日誌,ごとう和,,	ＢＥ・ＬＯＶＥ,3,,ドラマ,医療 産婦人科 看護師,
えんじぇるのこどう,エンジェルの鼓動,もんでんあきこ ,,,2,,ドラマ,医療 産婦人科 助産婦,
えんじぇるはーと,エンジェル・ハート,北条司 ,,バンチ,21,続編,アクション,,
えんじぇるぼいす,ANGEL VOICE,古谷野孝雄 ,,週刊少年チャンピオン,7,,スポーツ,サッカー,
えんじょいあきらせんせい,エン女医あきら先生,水城まさひと,,まんがタイムジャンボ,7,完結,4コマ,医療 外科医,
えんじんとらぶる,円陣とらぶる！,夢来鳥ねむ,有里紅良,,3,,ファンタジー,,
えんぜるのおか,エンゼルの丘,手塚治虫,,,2,完結,ファンタジー,,
えんぜるばんく,エンゼルバンク,三田紀房 ,,モーニング,14,,ドラマ,転職代理人,
えんぶりを,エンブリヲ,小川幸辰 ,,アフタヌーン,3,完結,SF,,
えんぶれむていくつー,代紋TAKE2,渡辺潤,木内 一雅,,62,完結,ドラマ SF,暴力団 タイムスリップ,
おいこみやぎんじ,追い込み屋銀次,佐藤良治 ,,バンチ,2,,ドラマ,金融 取り立て屋,
おいしいこーひーのいれかた,おいしいコーヒーのいれ方,村山由佳,,,9,,,,
おいしんぼ,美味しんぼ,花咲アキラ,雁屋哲,,107,,ドラマ,新聞記者 グルメ,
おいらんねえさん,おいらん姐さん,鈴木あつむ,,,5,,時代劇,風俗 花魁,
おうからんまん,桜花らんまん,くさか里樹,,,7,,ドラマ,遊園地の乗り物デザイナー,
おうけのもんしょう,王家の紋章,細川智栄子,,,56,,ファンタジー,タイムスリップ,
おうとようきたん,王都妖奇譚,岩崎陽子 ,,	プリンセスGOLD,12,,歴史 ファンタジー,平安時代 陰陽師 安倍晴明,
おうどろぼうじん,王ドロボウJING,熊倉裕一,,	コミックボンボン,7,完結 続編あり,ファンタジー,泥棒,
おうらんこうこうほすとくらぶ,桜蘭高校ホスト部,葉鳥ビスコ,,LaLa,18,,コメディー,,
おうりついんくもまるのしょうがい,王立院雲丸の生涯,池上遼一 ,広井王子,,2,,ドラマ,,
おおあざあざばさらちゅうざいしょ,大字・字ばさら駐在所,うえやまとち ,,モーニング,4,,コメディー,,
おおいなるかん,大いなる完,本宮ひろ志,,モーニング,4,,ドラマ,,
おーいりょうま,お～い！竜馬,小山ゆう,武田鉄矢,,23,完結,歴史,幕末 坂本龍馬,
おーえどむすめにんじゃ,おーえど娘忍者,私屋カヲル,,,3,,コメディー,忍者,
おーえるヴぃじゅあるけい,ＯＬヴィジュアル系,かなつ久美,,モーニング,10,,ドラマ,OL,
おーえるしんかろん,ＯＬ進化論,秋月りす,,モーニング,5,完結,４コマ,OL,
おおかみおとこにきをつけて,オオカミ男に気をつけて！,武内昌美 ,,,3,,ファンタジー,透明人間 狼男 吸血鬼,
おおかみへいかのはなよめ,狼陛下の花嫁,可歌まと,,LaLa,4,,恋愛,,
おおきくふりかぶって,おおきく振りかぶって,ひぐちアサ,,アフタヌーン,17,,スポーツ ドラマ,野球,
おーくしょんはうす,オークション・ハウス,叶精作 ,小池一夫,,30,完結,ドラマ,オークションハウス 美術,
おーけいじぱい,Ｏｈ！刑事パイ,望月三起也 ,,,4,,コメディー,警察 刑事,
おおさかはむれっと,大阪ハムレット,森下裕美 ,,,4,,コメディー,,
おおさかまめごはん,大阪豆ゴハン,サラ・イイネス,,モーニング,12,,コメディー,,
おーだーめいど,Ｏｒｄｅｒ‐Ｍａｄｅ,高梨みどり,,モーニング,7,,ドラマ,仕立て屋 ファッション,
おーとうめいにんげん,Oh！透明人間,中西やすひろ,,月刊少年マガジン,11,完結,SF コメディー,透明人間,
おーとくちゅーる,オートクチュール ,遠藤佳世,ジョアン・ロス,,4,,恋愛,ファッション ﾃﾞｻﾞｲﾅｰ,
おおとり,鳳,渡辺みちお,神尾龍,,13,,ドラマ,暴力団,
おーぱんたくぼーい,OHパンタクBOY,みやすのんき ,,,3,完結,コメディー,,
おーびーにほんいちあぶないごるふぁー,OB日本一危ないゴルファー,大島やすいち,小林一人,,1,,スポーツ,ゴルフ,
おおぼらいちだい,大ぼら一代,本宮ひろ志,,週間少年ジャンプ,11,完結,学園ドラマ,,
おーまいだーりん,Oh！myダーリン,上田美和 ,,別冊フレンド,8,,恋愛,,
おーまいぷりんす,Oh! my プリンス,武藤啓 ,,プリンセス,3,,恋愛,,
おーるどぼーい,オールド・ボーイ,嶺岸信明 ,土屋ガロン,	漫画アクション,8,,ドラマ,復讐,
おーるらうんだーめぐる,オールラウンダー廻,遠藤浩輝,,,7,,スポーツ ドラマ,格闘技 総合格闘技,
おーれ,オーレ！,能田達規 ,,バンチ,5,,スポーツ,サッカー,
おかあしゃんへのらぶれたー,お母しゃんへのラブレター,さかもとみゆき ,,,3,,コメディー,,
おかしなふたり,おかしな２人,さだやす圭 ,やまさき十三,モーニング,16,完結,コメディー,暴力団,
おかみさん ,おかみさん ,一丸 ,,,17,,スポーツ ドラマ,相撲,
おがわとゆかいなさいとうたち,小川とゆかいな斎藤たち,茶匡 ,,なかよし,7,,コメディー,,
おかわりはんぞう,おかわり飯蔵,大谷じろう,魚柄仁之助,ヤングサンデー,11,,ドラマ,グルメ 編集者,
おきにめすまま,お気に召すまま,布浦翼 ,,ＢＥ・ＬＯＶＥ,6,,恋愛 コメディー,,
おきのさわぐらふぃてぃ,沖ノ澤グラフィティ,庄司陽子 ,,ＢＥ・ＬＯＶＥ,3,,恋愛,,
おくさまでないと,奥さまＤＥナイト,琴の若子,,,5,,コメディー,,
おくさまはくのいち,奥様は女忍者,井上恵美子 ,,,2,,アクション,忍者,
おくさまはごーすと,奥様はGHOST,ふみづきあんず ,,,4,,ファンタジー,幽霊,
おこしやす ,おこしやす ,久保田順子 ,,,3,,コメディー,,
おこじょさん,オコジョさん,宇野亜由美 ,,LaLa,8,,コメディー,動物 オコジョ,
おさなづま ,おさなづま ,あきやまひでき ,森高夕次,漫画アクション,10,,コメディー,漫画家,
おしごとです,お仕事です!,柴門ふみ,,,5,,ドラマ,建設,
おしゃべりなあまでうす,おしゃべりなアマデウス,武内昌美 ,,少女コミック,12,,ドラマ,音楽 バイオリン,
おじゃるまるよんこままんがげきじょう,おじゃる丸4コママンガ劇場,アンソロジー,,,1,完結,４コマ,,
おじょうさましゃちょうがゆく,お嬢様社長がゆく！,井上恵美子 ,,,4,,ドラマ,便利屋,
おじょうさまはおじょうさま,お嬢様はお嫁様。,葉月めぐみ,,マーガレット,6,,恋愛,,
おじょうだん,お嬢だん,中尊寺ゆつこ,,,2,完結,コメディー,OL,
おすからてぶ,押忍！！空手部,高橋幸二,,,43,完結,スポーツ コメディー,空手,映
おずまたいちょう,オズマ隊長,手塚治虫 ,,,5,,SF,,
おだのぶなが,織田信長,ケン月影,久保田千太郎,,3,完結,歴史,戦国時代 織田信長,
おだのぶなが,織田信長 ,横山光輝 ,山岡荘八,,6,完結,歴史,戦国時代 織田信長,
おちゃにごす,お茶にごす。,西森博之,,週刊少年サンデー,11,完結,学園 コメディー,文化部 茶道部,
おちゃのま,お茶の間,望月峯太郎 ,,,3,完結 続編,コメディー,,
おっず,Odds ,石渡治 ,,ヤングサンデー,10,完結 続編あり,スポーツ,自転車 競輪,
おっずじーぴー,Odds　GP！,石渡治 ,,,4,完結 続編,スポーツ,自転車 競輪,
おっすしょうりんじ,オッス！ 少林寺,菊田洋之 ,,,7,,スポーツ,格闘技 少林寺拳法,
おっずぷらすわん,Odds ＋1,石渡治 ,,ヤングサンデー,1,続編,スポーツ,自転車 競輪,
おっとすごろく,夫すごろく,堀内三佳 ,,,7,,コメディー,,
おでっせい,オデッセイ ,池上遼一 ,史村翔,,3,,ドラマ,政治,
おでん,おでん,なかにしやすひろ,,,1,,ドラマ,,
おてんきおねえさん,お天気お姉さん,安達哲 ,,ヤングマガジン,8,,コメディー,芸能界 気象予報,
おとぎのまちのれな,おとぎのまちのれな ,はっとりみつる ,,アッパーズ,7,,コメディー,,
おとぎもようあやにしき,お伽もよう綾にしき,ひかわきょうこ ,,LaLa,5,,歴史 ファンタジー,,
おとこいっぴきがきだいしょう,男一匹ガキ大将,本宮ひろ志,,週間少年ジャンプ,11,完結,ドラマ,不良,
おとこぎ,男樹,本宮ひろ志,,	ビッグコミック,6,完結 続編あり,ドラマ,暴力団,ド
おとこぎよんだいめ,男樹四代目,本宮ひろ志,,オールマン,4,続編,ドラマ,暴力団,
おとこぐい,おとこ喰い,向後つぐお,伊東恒久,,10,,ドラマ,風俗 ソープランド,
おとこのせいざ,男の星座,原田久仁信 ,梶原一騎,,5,完結,ドラマ,,
おとこみち,おとこ道,矢口高雄 ,梶原一騎,,2,完結,ドラマ,,
おとなしげんじゅう,音無し幻十,さいとうたかを,,,2,完結,時代劇,,
おとなのじかん,おとなの時間,山田こもも,,Cheese!,7,,恋愛,,
おとぼけかちょう,おとぼけ課長,植田まさし,,,15,完結,４コマ,サラリーマン,
おとめういるす,乙女ウイルス,鈴菌カリオ,,,3,,SF,,
おとめようかいざくろ,おとめ妖怪ざくろ,星野リリィ,,	月刊コミックバーズ,4,,ホラー,妖怪,
おともだちでいこう,お友達で行こう！,松苗あけみ,,,4,,恋愛,,
おとやん,音やん,中村博文 ,,漫画アクション,2,,ドラマ,グルメ 寿司,
おどるすぽーつまんやす,踊るスポーツマンヤス,ロドリゲス井之介,,ヤングサンデー,4,,コメディー,,
おなじつきをみている,同じ月を見ている,土田世紀 ,,,7,,ドラマ,,
おに,男弐,伊賀和洋 ,小池一夫,,10,完結,歴史 ドラマ,山本勘介 服部半蔵 新撰組,
おにいさまへ,おにいさまへ…,池田理代子 ,,,3,完結,学園ドラマ,,
おにいちゃんといっしょ,お兄ちゃんと一緒,時計野はり,,	LaLa,11,,恋愛,,
おにきりまる,鬼切丸,楠桂 ,,,20,,歴史 ホラー,,
おにへいはんかちょう,鬼平犯科帳,さいとうたかを,池波正太郎,,84,,時代劇,火付盗賊改方 盗賊,
おにまるたいしょう,鬼丸大将,手塚治虫 ,,,2,完結,歴史,平安時代,
おねいちゃんといっしょ ,おねいちゃんといっしょ ,みなと鈴,,別冊フレンド,5,,ドラマ,,
おばあちゃんはあいどる,おばあちゃんはアイドル,菊池久美子 ,,	プリンセス,4,,ファンタジー,,
おばかちゃんこいかたりき,おバカちゃん、恋語りき,佐藤ざくり,,	マーガレット,7,,ドラマ,,
おびをぎゅっとね,帯をギュッとね!,河合克敏,,週刊少年サンデー,30,完結,スポーツ ドラマ,柔道,
おふぁーど,オファード ,池上遼一 ,小池一夫,,4,完結,ドラマ,,
おふぃすほっきょくせい,オフィス北極星,中山昌亮 ,真刈信二,モーニング,10,完結,ドラマ,リスクマネージメント,
おふぃすめいと,オフィスメイト ,こやまゆかり ,,,3,,ドラマ,OL,
おぺれーしょんじーじー,オペレーションＧ．Ｇ．,さいとうたかを,,	リイドコミック,5,完結,アクション,,
おぺれーしょんじーじー,OPERATION G.G.,さいとうたかを,,,5,完結,,,
おぼれたい,お・ぼ・れ・た・い,吉原由起 ,,,6,,恋愛,,
おぼれるないふ,溺れるナイフ,ジョージ朝倉,,別冊フレンド,10,,恋愛,,
おまかせすぴりっつ,おまかせ精霊,青本もあ,,月刊コミックアライブ,4,,ファンタジー,,
おまかせぴーすでんきてん,おまかせ！ピース電器店,能田達規 ,,週刊少年チャンピオン,11,,ドラマ,電気店,
おまけのこばやしくん,おまけの小林クン,森生まさみ,,LaLa,16,,学園 コメディー,,
おまたかおる,オマタかおる,鈴木由美子 ,,ヤングマガジン,2,,コメディー,デパートガール,
おみおくりいたします,お見送りいたします,円山みやこ,,,6,,ドラマ,葬儀屋,
おむかえです,お迎えです。,田中メカ,,,3,,ファンタジー,幽霊,
おむらいす,オムライス,星里もちる,,,5,,コメディー,,
おめがとらいぶ,オメガトライブ ,玉井雪雄 ,,,14,完結 続編あり,SF,,
おもひでぽろぽろ ,おもひでぽろぽろ ,刀根夕子 ,岡本螢,,2,,ドラマ,,ア
おやまきくのすけ,オヤマ！菊之助,瀬口たかひろ,,週刊少年チャンピオン,25,,学園 コメディー,歌舞伎 女形,
おやゆびひめ,オヤユビヒメ∞,藤枝とおる,,,6,,,,
おりゅうじょうえん,お柳情炎,長田要 ,団鬼六,,2,,ドラマ,博徒,
おるちゅばんえびちゅ,おるちゅばんエビちゅ,伊藤理佐 ,,	アクションピザッツ,15,,コメディー,動物 ハムスター,
おるふぇうすのまど,オルフェウスの窓,池田理代子 ,,,18,,ドラマ,ドイツ,
おれいはみてのおかえり,お礼は見てのお帰り,石川優吾 ,,,10,,ドラマ,,
おれがたいしょう,おれが大将,大島やすいち,,,8,,学園 ドラマ,,
おれとあくまのぶるーず,俺と悪魔のブルーズ,平本アキラ,,	アフタヌーン,3,,ドラマ,音楽 ブルース,
おれのしんせんぐみ,俺の新選組,望月三起也 ,,,5,,歴史 ドラマ,幕末 新選組,
おれのそら,俺の空,本宮ひろ志,,週刊プレイボーイ,9,完結 続編あり,ドラマ,,
おれのそらけいじへん,俺の空刑事編,本宮ひろ志,,ヤングジャンプ,7,完結 続編 続編あり,ドラマ,警察 刑事,
おれのそらさんしろうへん,俺の空三四郎編,本宮ひろ志,,ヤングジャンプ,8,完結 続編 続編あり,スポーツ,柔術,
おれのそらぜろさん,俺の空’０３,本宮ひろ志,,ビジネスジャンプ,3,完結 続編 続編あり,ドラマ,,
おれのそらばーじょんにせんいち,俺の空Ver2001,本宮ひろ志,,	オールマン,3,完結 続編,ドラマ,,
おれはきゃぷてん,おれはキャプテン,コージィ城倉,,,26,,スポーツ,野球,
おれはさるとびだ,おれは猿飛だ！,手塚治虫,,,2,完結,,忍者,
おれはちょっかく,おれは直角,小山ゆう,,,14,完結,,時代劇,
おれはてっぺい,おれは鉄兵,ちばてつや ,,,33,完結,スポーツ,剣道,ア
おれぶし,俺節,土田世紀 ,,,9,完結,ドラマ,芸能界 歌手 演歌,
おれんじ,オレンジ,能田達規 ,,週刊少年チャンピオン,13,,スポーツ,サッカー,
おろち,おろち,楳図かずお,,,4,完結,ホラー,,映
おんえあ,オン・エア,池田さとみ,,,3,,ドラマ,芸能界 ニュースキャスター,
おんざてぃ,オンザティ,本宮ひろ志,高橋三千網,ヤングチャンピオン,1,完結,,,
おんせんりょかんさわのや,温泉旅館沢野屋,ありさか邦,,,8,,ドラマ,温泉旅館,
おんぞうしのおきて,御曹司の掟,井川公彦,堀戸けい,,5,,ドラマ,,
おんなかんさつい,女監察医,井出智香恵 ,,,4,完結,サスペンス,監察医,
おんなけんじれおな,女検事玲緒奈,たむろ未知,北原雄二,,8,,ドラマ,検事,
おんなたちのみやこ,女たちの都,松苗あけみ,,,3,,恋愛,,
おんなのこのしょくたく,女の子の食卓,志村志保子 ,,クッキー,6,,,,
かいおうき,海皇紀,川原正敏,,,45,完結,ファンタジー アクション,,
かいとうしゅがー,怪盗シュガー,さいとうたかを,,,12,完結,アクション,泥棒,
かいのとらたけだしんげん,甲斐の虎武田信玄,小島剛夕,小池一夫,,4,完結,歴史,戦国時代 武田信玄,
がくえんありす,学園アリス,樋口橘,,学園アリス,25,,学園 ファンタジー,,
かくごのすすめ,覚悟のススメ,山口貴由,,,11,,,,
かげがり,影狩り,さいとうたかを,,,15,完結,時代劇 アクション,,
かじょう,花縄,森秀樹 ,小池一夫,,6,完結,時代劇,,
かぜのくろのあよんこままんがげきじょう,風のクロノア4コママンガ劇場,アンソロジー,,,1,完結,４コマ,,
かぜのだいち,風の大地,かざま鋭二,坂田信弘,,54,,スポーツ ドラマ,ゴルフ,
かぜのたにのなうしか,風の谷のナウシカ,宮崎駿,,アニメージュ,7,完結,ファンタジー,,ア
かぜよくもよけんよ,風よ雲よ剣よ,さいとうたかを,,,5,完結,時代劇,,
かたなげしょう,刀化粧,神田 たけ志,小池一夫,,3,完結,時代劇,,
かってにかいぞう,かってに改蔵,久米田康治,,週刊少年サンデー,26,完結,学園 ギャグ,,
がっでむ,ガッデム,新谷かおる,,,4,完結,スポーツ,モータースポーツ ラリー,
かっとびいっと,かっとび一斗,門馬もとき,,,46,完結 続編あり,スポーツ コメディー,サッカー,
かのんよんこままんがげきじょう,Kanon4コママンガ劇場,アンソロジー,,,3,完結,４コマ,,
かみのみぞしるせかい,神のみぞ知るセカイ,若木民喜,,週刊少年サンデー,14,,恋愛 コメディー,,ア
かめらまんすんぜん,カメラマン寸前,さいとうたかを,,,2,完結,ドラマ,カメラマン,
かめれおん,カメレオン,加瀬あつし,,,47,完結,コメディー,不良,ア
かめんらいだーすぴりっつ,仮面ライダーSPIRITS,村枝賢一,石ノ森章太郎,月刊マガジンZ,16,,,,
からくりさーかす,からくりサーカス,藤田和日郎,,,43,完結,アクション ファンタジー,,
がらすのかめん,ガラスの仮面,美内すずえ,,,47,,ドラマ,演劇,ド
かりあげくん,かりあげクン,植田まさし,,,50,完結,4コマ,サラリーマン,
かるいざわしんどろーむすぷらうと,軽井沢シンドロームSPROUT,たがみよしひさ,,ヤングチャンピオン,2,,,,
かれーなるしょくたく,華麗なる食卓,ふなつ一輝,,週刊ヤングジャンプ,42,,ドラマ,グルメ カレー,
かわいてそうろう,乾いて候,小島剛夕,小池一夫,,7,完結,時代劇,,
かんさついさよこ,監察医SAYOKO,安富高史,,ヤングチャンピオン,5,完結,ドラマ,医療 監察医,
がんそやすうらてっきんかぞく,元祖!浦安鉄筋家族,浜岡賢次 ,,週刊少年チャンピオン,28,完結 続編 続編あり,コメディー,,
がんつ,GANTZ,奥浩哉,,週刊ヤングジャンプ,32,,SF,,ア 映
がんぱれーどまーちよんこままんがげきじょう,ガンパレード・マーチ4コママンガ劇場,アンソロジー,,,5,完結,４コマ,,
がんばれどりんかーず,がんばれドリンカーズ,水島新司,,ヤングチャンピオン,2,完結,,野球,
きかいだーこーどぜろつー,キカイダー02,石ノ森章太郎,,,7,完結,SF アクション,,
きずおいびと,傷追い人,池上遼一,小池一夫,,11,完結,,復讐,
きせいじゅう,寄生獣,岩明均,,月刊アフタヌーン,10,完結,SF,,
きてぃーほーかー,キティ・ホーカー,さいとうたかを,,,1,完結,,,
きどうせんしくろすぼーんがんだむ,機動戦士クロスボーンガンダム,長谷川裕一,	富野由悠季,	月刊少年エース,6,完結,SF アクション,,
きどうせんしくろすぼーんがんだむがいでん,機動戦士クロスボーン・ガンダム外伝,長谷川裕一,,	月刊少年エース,1,完結,SF アクション,,
きどうせんしくろすぼーんがんだむこうてつのしちにん,機動戦士クロスボーン・ガンダム鋼鉄の7人,長谷川裕一,,	月刊少年エース,3,完結,SF アクション,,
きみとぼく,君と僕。,堀田きいち,,月刊少年ガンガン,10,,ギャグ,,ア
ぎゃぐまんがびより,ギャグマンガ日和,増田こうすけ,,ジャンプスクエア,12,,ギャグ,,ア
きゃすと,キャスト,江口賢一,菅生 誠司,ヤングチャンピオン,4,完結,,釣り,
きゃっとでぃふぇんす,キャットディフェンス,政岡としや,小池一夫,,3,完結,時代劇,丹下左膳,
きゅーいーでぃーしょうめいしゅうりょう,Q.E.D.証明終了,加藤元浩,,月刊少年マガジン＋,40,,ミステリー,,ド
きょうかしょにないっ,教科書にないッ！,岡田和人,,ヤングチャンピオン,18,完結,,,
きょうからおれは,きょうからおれは ,西森博之,,週刊少年サンデー,38,完結,学園 コメディー,不良,ド ア
ぎょうせいき,暁星記,菅原雅雪,,モーニング,8,完結,SF,,
きよむらくんとすぎのこうじくんと,清村くんと杉小路くんと,土塚理弘,,月刊少年ガンガン,4,完結,ギャグ スポーツ,サッカー,
ぎんがでんせつうぃーど,銀牙伝説ウィード,高橋よしひろ,,,60,,ドラマ,動物 犬,
きんぐおぶばんでぃとじん,KING OF BANDIT JING,熊倉裕一,,月刊マガジンZ,7,完結,ファンタジー,泥棒,
きんぞーのあがってなんぼ,キンゾーの上ってなンボ!!,叶精作,小池一夫,,8,完結 続編あり,スポーツ ドラマ,ゴルフ,
きんにくまん,キン肉マン,ゆでたまご,,週刊少年ジャンプ,37,完結 続編あり,コメディー スポーツ,プロレス,ア
きんにくまんにせい,キン肉マンII世,ゆでたまご,,週刊プレイボーイ,29,完結 続編 続編あり,コメディー スポーツ,プロレス,ア
きんにくまんにせいだいにぶ,キン肉マンII世第二部,ゆでたまご,,,27,続編,コメディー スポーツ,プロレス,
くおヴぁでぃす,QUO VADIS,新谷かおる,,,9,,,,
くぐつ,傀儡,さいとうたかを,,,5,完結,時代劇,,
くじゃくおうでんき,孔雀王伝奇,小島剛夕,小池一夫,,2,完結,,,
くっきんぐぱぱ,クッキングパパ,うえやまとち,,,116,,コメディー,グルメ,
くびきりあさ,首斬り朝,小島剛夕,小池一夫,週刊現代,10,完結,時代劇 ドラマ,公儀お様し役 山田朝右衛門,
くもとりざんぺい,雲取り暫平,さいとうたかを,,リイドコミック,26,完結 続編あり,時代劇 アクション,泥棒,
くらいんぐふりーまん,クライング・フリーマン,池上遼一,小池一夫,ビッグコミックスピリッツ,10,完結,アクション,殺し屋 香港,ア 映
ぐらっぷらーばき,グラップラー刃牙,板垣恵介,,週刊少年チャンピオン,42,完結 続編あり,格闘 ドラマ,,
くらなどよんこままんがげきじょう,CLANNAD4コママンガ劇場,アンソロジー,,,1,完結,４コマ,,
ぐらんでぃあえくすとりーむよんこままんがげきじょう,グランディア エクストリーム4コママンガ劇場,アンソロジー,,,1,完結,４コマ,,
ぐらんでぃあよんこままんがげきじょう,グランディア4コママンガ劇場,アンソロジー,,,1,完結,４コマ,,
くりすてぃーはいてんしょん,クリスティーハイテンション,新谷かおる,,コミックフラッパー,7,完結 続編あり,ミステリー,イギリス,
くれいもあ,CLAYMORE,八木教広,,ジャンプスクエア,20,,ファンタジー,,
くれおぱとらでぃーしー,クレオパトラD.C.,新谷かおる,,,8,完結,,,
くれよんしんちゃん,クレヨンしんちゃん,臼井儀人,,,50,,コメディー,幼稚園,ア ゲ
くろこのばすけ,黒子のバスケ,	藤巻忠俊,,週刊少年ジャンプ,14,,スポーツ,バスケットボール,ア
くろのくるせいど,クロノクルセイド,森山大輔,,月刊コミックドラゴン,8,完結,ドラマ,,ア
けいのせいしゅん,ケイの凄春,小島剛夕,小池一夫,,8,完結,時代劇 スポーツ ドラマ,水泳,
けいりんやろうしゅうとかずみのらぶすとーりー,ケイリン野郎・周と和美のラブストーリー,くさか里樹,,,56,完結,ロマンス スポーツ,競輪 自転車,
けーつー,K2,真船一雄,,イブニング,15,続編,ドラマ,医療 外科,
げーむぼーいぎゃらりーよんこままんがげきじょう,ゲームボーイギャラリー4コママンガ劇場,アンソロジー,,,1,完結,４コマ,,
げきがしょうせつよしだがっこう,劇画小説吉田学校,さいとうたかを,,,17,完結,歴史,政治家,
げきがにんげんかくめい,劇画人間革命,石井いさみ,池田大作,,56,完結,ドラマ,,
げたをはくまで,下駄を履くまで,叶精作,小池一夫,,2,完結,ドラマ,テーブルゲーム 麻雀,
けっかいし,結界師,田辺イエロウ,,週刊少年サンデー,35,完結,ファンタジー,妖怪,ア
けっとうしんせんぐみ,血闘!新選組,さいとうたかを,,,2,完結,歴史,新撰組,
げてんろう,外天楼,石黒正数,,メフィスト,1,,ミステリー,,
けろろぐんそう,ケロロ軍曹,吉崎観音,,月刊少年エース,22,,SF コメディー,,ア
けんかだいこうやあおいりゅうのすき,喧嘩代行屋青井龍之介,門間剛,溜池ゴロー,,1,,ドラマ,,
けんきゃくしょうばい,剣客商売,さいとうたかを,,,11,,時代劇,剣術,
けんきゃくしょうばい,剣客商売,さいとうたかを,,,11,,時代劇,,
げんしけん,げんしけん,木尾士目,,月刊アフタヌーン,10,,コメディー,おたく,ア
けんしん,拳神,,,,19,簡潔,スポーツ ドラマ,ボクシング,
ごう,GO,近藤佳文,金城一紀,ヤングチャンピオン,3,,,,
こうぎょうあいかばれーぼーいず,工業哀歌バレーボーイズ,村田ひろゆき,,,50,完結,コメディー,,
こうこうせいじだいひかえ,高校生無頼控,芳谷圭児,小池一夫,,5,完結,,,
ごーすとすいーぱーみかみごくらくだいさくせん,GS美神極楽大作戦!!,椎名高志,,週刊少年サンデー,39,完結,ファンタジー,幽霊 妖怪,ア
こーたろーまかりとおる,コータローまかりとおる!,蛭田達也,,,59,,コメディー,,
こしたんたん,虎視眈々,神江里見,小池一夫,,3,完結,歴史,戦国時代,
こちらかつしかくおめありこうえんまえはつしゅしょ,こちら葛飾区亀有公園前派出所,秋本 治,,,176,,コメディー,警察官 警察,
ごっどはんどてる,ゴッドハンド輝,山本航暉,天碕莞爾,,59,,ドラマ,医療 外科 医師,ド
こづれおおかみ,子連れ狼,小島剛夕,小池一夫,,19,完結,時代劇 ドラマ,復讐 殺し屋,映
こぼちゃん,コボちゃん,植田まさし,,,60,完結,4コマ,,
こみっくぱーてぃーよんこままんがげきじょう,こみっくパーティー4コママンガ劇場,アンソロジー,,,4,完結,４コマ,,
ごようきば,御用牙,神田たけ志,小池一夫,,23,完結,時代劇,同心,
ごるごさーてぃーん,ゴルゴ13,さいとうたかを,,,162,,アクション,テロリスト スナイパー,
こんじきのがっしゅ,金色のガッシュ!!,雷句誠,,週刊少年サンデー,33,完結,フクション ファンタジー,,ア
さーくるげーむ,サークルゲーム,村生ミオ,,ヤングチャンピオン,22,完結,,,
さいとうたかをじせんしゅう,さいとう・たかを自選集,さいとうたかを,,,8,完結,短編集,,
さいぼーぐぜろぜろないん,サイボーグ009,石ノ森章太郎,,,10,完結,SF アクション,,ド
さいれん,PSYREN -サイレン-,岩代俊明,,岩代俊明,16,完結,サスペンス,,
さがしやはげたかとうじょう,捜し屋はげ鷹登場!!,さいとうたかを,,,3,完結,,,
さきがけおとこじゅく,魁!!男塾,宮下あきら,,週刊少年ジャンプ,34,完結,学園 ギャグ,,ア 映 ゲ
さきがけくろまてぃーこうこう,魁!!クロマティ高校,	野中英次,,魁!!クロマティ高校,17,完結,学園 ギャグ,,ア
さざえさん,サザエさん,長谷川町子,,,68,完結,4コマ,,
さばいばるにほんかいめつ,サバイバル日本壊滅,さいとうたかを,,,1,完結,,,
さはら,サハラ,平野仁,小池一夫,,7,完結,戦争 ドラマ,傭兵,
さむらいうさぎ,サムライうさぎ,福島鉄平,,週刊少年ジャンプ,8,完結,時代劇 ドラマ,侍,
さもんないとくらふとそーどものがたりつーよんこままんがげきじょう,サモンナイト クラフトソード物語2 4コママンガ劇場,アンソロジー,,,1,完結,４コマ,,
さもんないとすりーよんこままんがげきじょう,サモンナイト3 4コママンガ劇場,アンソロジー,,,1,完結,４コマ,,
さよならぜつぼうせんせい,さよなら絶望先生,久米田康治,,週刊少年マガジン,27,,ギャグ,学園 教師,
さんごくし,三国志,横山光輝,,,60,完結,ドラマ,歴史 戦争 中国,
さんねんきめんぐみ,3年奇面組,新沢基栄,,週刊少年ジャンプ,6,完結 続編あり,学園 ギャグ,,
じぇんとるまん,ジェントル万,新谷かおる,,,3,完結,スポーツ,モータースポーツ F1,
しかくうらみあおい,刺客怨み葵,さいとうたかを,,,4,完結,,,
しかけにんふじえだばいあん,仕掛人藤枝梅安,さいとうたかを,池波正太郎,コミック乱ツインズ,26,,時代劇 アクション,殺し屋,ド 映
しき,史記,横山光輝,,,15,完結,歴史 ドラマ,中国,
じごくせんせいぬ～べ～,地獄先生ぬ～べ～,岡野剛,真倉翔,週刊少年ジャンプ,31,完結,学園 コメディー ホラー,妖怪 教師,ア
しじょうさいきょうのでしけんいち,史上最強の弟子ケンイチ,松江名俊,,週刊少年サンデー,44,,コメディー,格闘技,ア
しずかなるどん,静かなるドン,新田たつお,,,100,,コメディー,暴力団 組長 下着,
じっけんにんぎょうだみーおすかー,実験人形ダミー・オスカー,叶精作,小池一夫,,19,完結,ドラマ,人形師,
してぃーはんたー,CITY HUNTER,北条司,,週刊少年ジャンプ,35,完結 続編あり,アクション コメディー,,ア 映 ド
しどにあのきし,シドニアの騎士,弐瓶勉,,,6,,,,
しばいたろか,しばいたろか,こしばしげる,,ヤングチャンピオン,20,完結,,,
しもかりはんじろう,下苅り半次郎,神江里見,小池一夫,,5,完結,時代劇,,
じゃりんこちえ,じゃりン子チエ―チエちゃん奮戦記,はるき 悦巳,,,67,完結,コメディー,,
じゃんぐるはいつもはれのちぐぅ,ジャングルはいつもハレのちグゥ,	金田一蓮十郎,,月刊少年ガンガン,10,完結,コメディー,,ア
じゅうきこうへいぜのん,重機甲兵ゼノン,神崎将臣,,,4,完結,SF,,
しゅごきゃら,しゅごキャラ!,PEACH-PIT,,なかよし,12,完結,ファンタジー,,ア
しゅらゆきひめ,修羅雪姫,上村一夫,小池一夫,,2,完結,アクション,復讐 殺し屋,
じゅり,樹里,佐藤宏之,,ヤングチャンピオン,1,,,,
じょいれいか,女医レイカ,嶺岸信明,剣名舞,,18,完結,ドラマ,医療 心療科,
しょうぎのこ,将棋の子,菊池昭夫,大崎善生,ヤングチャンピオン,1,,,将棋,
しょうねんしっかく,少年失格,高口里純,,ヤングチャンピオン,3,完結,,,
しょうねんしんかろんぷらす,少年進化論plus,くさなぎ俊祈,,,5,完結,,,
しょうねんのまちぜふ,少年の町・ZF,平野仁,小池一夫,,8,完結,SF,,
しょくぎょうえーぶいかんとく,職業・AV監督,井浦秀夫,カンパニー松尾,ヤングチャンピオン,5,完結,,AV,
じょじょのきみょうなぼうけん,ジョジョの奇妙な冒険,荒木飛呂彦,,,63,,アクション ファンタジー,,
しんあがってなんぼたいちよなくな,新・上ってなンボ太一よ泣くな,叶精作,小池一夫,,36,完結 続編 続編あり,スポーツ ドラマ,ゴルフ,
じんぎ,JINGI,立原あゆみ,,ヤングチャンピオン,33,,ドラマ,暴力団,
じんぎつー,JINGI Ⅱ,立原あゆみ,,ヤングチャンピオン,1,,ドラマ,暴力団,
しんぐるす,シングル巣,中村真理子,小池一夫,,2,完結,,,
しんげきのきょじん,進撃の巨人,諫山創,,別冊少年マガジン,5,,ファンタジー,巨人,
しんこづれおおかみ,新・子連れ狼,森秀樹,小池一夫,,11,,時代劇,復讐,
しんしんあがってなんぼたいちよなくな,新々上ってなンボ!!太一よ泣くな,叶精作,小池一夫,,12,完結 続編,スポーツ ドラマ,ゴルフ,
しんせいきえヴぁんげりおん,新世紀エヴァンゲリオン,貞本義行,,月刊少年エース,12,,SF,,ア ゲ
しんせいきえヴぁんげりおんあやなみいくせいけいかくうぃずあすかほかんけいかくよんこままんがげきじょう,新世紀エヴァンゲリオン 綾波育成計画withアスカ補完計画4コママンガ劇場,アンソロジー,,,2,完結,４コマ,,
しんせいきえヴぁんげりおんこうてつのがーるふれんどせかんどよんこままんがげきじょう,新世紀エヴァンゲリオン 鋼鉄のガールフレンド2nd 4コママンガ劇場,アンソロジー,,,3,完結,４コマ,,
しんぶらっくじゃっくによろしく,新ブラックジャックによろしく,佐藤秀峰,,ビッグコミックススペシャル,9,完結 続編,ドラマ,医療 研修医,
しんめがみてんせいすりーのくたーんよんこままんがげきじょう,真・女神転生III-NOCTURNE4コママンガ劇場,アンソロジー,,,1,完結,４コマ,,
しんやくせいけんでんせつよんこままんがげきじょう,新約・聖剣伝説4コママンガ劇場,アンソロジー,,,1,完結,４コマ,,
すいーとるーむ,スイートルーム,香川大八,小池一夫,,3,完結,,,
すいこでん,水滸伝,さいとうたかを,,,19,完結,歴史,中国 水滸伝,
すーぱーどくたーけー,スーパードクターK,真船一雄,,週刊少年マガジン,44,完結 続編あり,ドラマ,医療 外科,
すーぱーどんきーこんぐよんこままんがげきじょう,スーパードンキーコング4コママンガ劇場,アンソロジー,,,3,完結,４コマ,,
すーぱーまりおくん,スーパーマリオくん,沢田ユキオ,,,43,,ファンタジー コメディー,,
すーぱーまりおよんこままんがげきじょう,スーパーマリオ4コママンガ劇場,アンソロジー,,,11,完結,４コマ,,
すくーるらんぶる,School Rumble,小林尽,,週刊少年マガジン,22,完結,学園 恋愛 コメディー,,ア
すけっとだんす,SKET DANCE,篠原健太,,週刊少年ジャンプ,20,,学園 コメディー,,ア
"すたーおーしゃん
よんこままんがげきじょう",スターオーシャン4コママンガ劇場,アンソロジー,,,1,完結,４コマ,,
すたーおーしゃんせかんどすとーりーよんこままんがげきじょう,スターオーシャン セカンドストーリー4コママンガ劇場,アンソロジー,,,18,完結,４コマ,,
すたーおーしゃんてぃるじえんどおぶたいむでぃれくたーずかっとよんこままんがげきじょう,スターオーシャン Till the End of Time DIRECTOR’s CUT4コママンガ劇場,アンソロジー,,,3,完結,４コマ,,
すたーおーしゃんてぃるじえんどおぶたいむよんこままんがげきじょう,スターオーシャン Till the End of Time4コママンガ劇場,アンソロジー,,,5,完結,４コマ,,
すたーおーしゃんぶるーすふぃあよんこままんがげきじょう,スターオーシャン ブルースフィア4コママンガ劇場,アンソロジー,,,5,完結,４コマ,,
すたーふぉっくすろくよんよんこままんがげきじょう,スターフォックス644コママンガ劇場,アンソロジー,,,1,完結,４コマ,,
すとりーとふぁいたーすりーよんこままんがげきじょう,ストリートファイターIII4コママンガ劇場,アンソロジー,,,1,完結,４コマ,,
すとりーとふぁいたーぜろつーよんこままんがげきじょう,ストリートファイターZERO2 4コママンガ劇場,アンソロジー,,,1,完結,４コマ,,
すとりーとふぁいたーつーよんこままんがげきじょう,ストリートファイターII4コママンガ劇場,アンソロジー,,,2,完結,４コマ,,
すらむだんく,SLAM DUNK,井上雄彦 ,,週刊少年ジャンプ,33,完結,スポーツ ドラマ,バスケットボール,ア
せいしゅんちんぽじゅうむ,青春チンポジュウム,神江里見,小池一夫,,7,完結,,,
せいしゅんどうぶつえんずう,青春動物園ズウ,やまさき拓味,小池一夫,,16,完結,,,
せいしゅんのしっぽ,青春の尻尾,平野仁,小池一夫,,6,完結,,,
せいんとせいや,聖闘士星矢,車田正美,,週刊少年ジャンプ,28,完結 続編あり,ファンタジー アクション,,ア ゲ
ぜったいぜつめいでんぢゃらすじーさん, 絶体絶命でんぢゃらすじーさん,	曽山一寿,,月刊コロコロコミック,20,完結,ギャグ,,
ぜのさーがよんこままんがげきじょう,ゼノサーガ4コママンガ劇場,アンソロジー,,,1,完結,４コマ,,
ぜるだのでんせつときのおかりなよんこままんがげきじょう,ゼルダの伝説時のオカリナ4コママンガ劇場,アンソロジー,,,2,完結,４コマ,,
ぜるだのでんせつむじゅらのかめんよんこままんがげきじょう,ゼルダの伝説ムジュラの仮面4コママンガ劇場,アンソロジー,,,1,完結,４コマ,,
ぜるだのでんせつよんこままんがげきじょう,ゼルダの伝説4コママンガ劇場,アンソロジー,,,8,完結,４コマ,,
ぜろ,ZERO,里見桂,愛英史,,76,,ドラマ,美術 贋作,
せんじょうろまんしりーず,戦場ロマンシリーズ,新谷かおる,,,5,完結,,,
そうてんこうろ,蒼天航路,王欣太,李學仁,モーニング,36,完結,歴史 ドラマ,中国,
そうむぶそうむかやまぐちろっぺいた,総務部総務課山口六平太,高井研一郎,林律雄,,66,,コメディー,サラリーマン 車,
そうるいーたー,ソウルイーター,大久保篤,,月刊少年ガンガン,20,,アクション ファンタジー,,
そーるじゃー,葬流者,ケン月影,小池一夫,,8,完結,時代劇,,
そしてこづれおおかみしかくのこ,そして-子連れ狼刺客の子,森秀樹,小池一夫,,4,完結 続編,時代劇,復讐,
そのなはわんぜろわん,その名は101,横山光輝,,月刊少年チャンピオン,5,完結,SF アクション,,
そんごくう,孫悟空,小島剛夕,小池一夫,,9,完結,,,
たいぞうもてきんぐさーが,太臓もて王サーガ,大亜門,,週刊少年ジャンプ,8,完結,ファンタジー コメディー,,
だいちょうへんどらえもん,大長編ドラえもん,藤子・F・不二雄,,月刊コロコロコミック,24,,SF,ロボット,ア
だいやのえーす,ダイヤのA,寺嶋裕二,,,27,,スポーツ,野球,
たけだしんげん,武田信玄,さいとうたかを,,,10,完結,歴史,武田信玄 戦国時代,
たそがれりゅうせいぐん,黄昏流星群,弘兼憲史,,,40,,ドラマ,,ド 映
たたみとりかさじろう,畳捕り傘次郎,小島剛夕,小池一夫,,2,完結,時代劇 ドラマ,同心,
だひめおばかみーこ,打姫オバカミーコ,片山まさゆき,,,4,,コメディー,麻雀,
だぶるあーつ,ダブルアーツ,古味直志,,週刊少年ジャンプ,3,完結,ファンタジー,,
たらおばんない,多羅尾伴内,石森章太郎,小池一夫,,3,完結,,,
ちーずすいーとほーむ,チーズスイートホーム,こなみかなた,,モーニング,4,,,動物 猫,
ちょうせんやろう,挑戦野郎,さいとうたかを,,,2,完結,,,
ちょうなんのじだい,長男の時代,川崎のぼる,小池一夫,,7,完結,,,
つばさ,銀翼,立原あゆみ,,ヤングチャンピオン,1,,,,
つりきちさんぺい,釣りキチ三平,矢口高雄,,,63,完結,ドラマ,釣り,
つりばかにっし,釣りバカ日誌,北見けんいち,やまさき 十三,,82,,コメディー,釣り,
でざーとろーず,砂の薔薇,新谷かおる,,,15,完結,アクション,,
ですのーと,DEATH NOTE,小畑健,大場つぐみ ,週刊少年ジャンプ,12,完結,サスペンス,死神,ア 映
てにすのおうじさま,テニスの王子様,許斐剛,,,42,完結 続編あり,スポーツ ドラマ,テニス,ア
でびるきんぐ,デビルキング,さいとうたかを,,,2,完結,,,
でびるまん,デビルマン,永井豪,,週刊少年マガジン,5,完結,ダークファンタジー,悪魔,ア
でゅえっと,デュエット,井上紀良,小池一夫,,9,完結,アクション,犯罪者 暗殺者,
てんしじゃないっ,天使じゃないッ！,岡田和人,,ヤングチャンピオン,1,完結,,,
てんしなこなまいき,天使な小生意気,西森博之,,週刊少年サンデー,20,完結,ファンタジー コメディー,,ア ゲ
てんせいでんせつばんが,転生伝説バンガ,神崎将臣,,,2,完結,SF,,
てんぱい,天牌,嶺岸信明,来賀友志,,61,,ドラマ,麻雀,
どうしろうでござる,道士郎でござる,西森博之,,週刊少年サンデー,8,完結,コメディー,,
とうしんようひでん,刀神妖緋伝,新谷かおる,,,7,完結,,,
どうちゅうし,道中師,小島剛夕,小池一夫,,4,完結,時代劇,,
どうぶつのおいしゃさん,動物のお医者さん,佐々木倫子,,花とゆめ,12,完結,コメディー,医療 獣医,
どかべん,ドカベン,水島新司,,,48,完結 続編あり,スポーツ ドラマ,野球,映 ア ゲ
とがり,トガリ,夏目義徳,,,8,完結 続編あり,時代劇 ファンタジー,,
とくじょうかばち,特上カバチ！！,東風孝広,田島隆,,27,続編,ドラマ,司法書士,
どくたーくまひげ,Dr.クマひげ,ながやす巧,史村翔,ヤングマガジン,5,完結,ドラマ,医療 外科,
どくたーすらんぷ,Dr.スランプ,鳥山明,,週刊少年ジャンプ,18,完結,SF コメディー,ロボット,ア
どくだねとくはいんかすが,毒ダネ特派員カスガ,さいとうたかを,,,6,完結,,,
とっこうごー,特救GO,さいとうたかを,,,6,完結,アクション,,
とどろきおとめそう,轟乙女荘,一智和智,,ヤングチャンピオン,7,完結,,,
とばくもくしろくかいじ,賭博黙示録カイジ,福本伸行,,週刊ヤングマガジン,13,完結,ドラマ,ギャンブル,
とばしてなんぼたけるがちゃーじ,飛ばしてなんボ猛がチャージ,平野仁,小池一夫,,4,完結,スポーツ,ゴルフ,
とらいがん,TRIGUN,内藤泰弘,,月刊少年キャプテン,3,完結 続編あり,SF アクション,,ア
とらいがんまきしまむ,TRIGUN MAXIMUM,内藤泰弘,,ヤングキングアワーズ,14,完結 続編,SF アクション,,
どらえもん,ドラえもん,藤子・F・不二雄,,,45,,SF,,ア
どらごんくえすとだいのだいぼうけん,DRAGON QUEST -ダイの大冒険-,	稲田浩司,三条陸,週刊少年ジャンプ,37,完結,アクション ファンタジー,,ア
どらごんくえすとれつでんろとのもんしょう,ドラゴンクエスト列伝 ロトの紋章,藤原カムイ,川又千秋,月刊少年ガンガン,21,完結,アクション ファンタジー,,
どらベースどらえもんすーぱーべーすぼーるがいでん,ドラベース ドラえもん超野球外伝,むぎわらしんたろう,,月刊コロコロコミック,19,完結,スポーツ,野球,ゲ
とりこ,トリコ,島袋光年,,週刊少年ジャンプ,16,,アクション ファンタジー グルメ,,ア
ななはんらいたー,750ライダー,石井いさみ,,,50,完結,ドラマ,,
なると,NARUTO,岸本斉史,,,58,,アクション ファンタジー,忍者,ア ゲ
なんとまごろく,なんと孫六,さだやす圭,,,76,,ドラマ,野球,
にじってものがたり,弐十手物語,小池一夫,神江里見,,110,完結,時代劇,同心,
にじゅっせいきしょうねん,20世紀少年,浦沢直樹,,ビッグコミックスピリッツ,22,完結,SF,,映
にほんしたんぽうせんごくじだい,日本史探訪〈戦国時代〉,さいとうたかを,,,5,完結,歴史,,
にほんしたんぼうばくまついしん,日本史探訪〈幕末維新〉,さいとうたかを,,,5,完結,歴史,,
ぬらりひょんのまご,ぬらりひょんの孫,椎橋寛,,週刊少年ジャンプ,18,,ファンタジー,妖怪,
ねつくんのびねつ,熱くんの微熱,立原あゆみ,,週刊少年チャンピオン,5,,ドラマ,漫画家,
のすとらだむすあいでんせつ,ノストラダムス愛伝説,やまさき拓味,小池一夫,,5,完結,歴史 ドラマ,ノストラダムス,
のぞみうぃっちぃず,のぞみウィッチィズ,野部利雄,,,48,完結,スポーツ,ボクシング,映
のだめかんたーびれ,のだめカンタービレ,二ノ宮知子,,Kiss,25,完結,コメディー,音楽 クラシック ピアノ 指揮者,ド 映 ア
はいごれいにじゅうよじ,背後霊24時!,がぁさん,,ヤングチャンピオン,3,完結,,,
はいすくーるきめんぐみ,ハイスクール!奇面組,新沢基栄,,週刊少年ジャンプ,20,完結 続編,学園 ギャグ,,ア
はがね,鋼-HAGANE-,神崎将臣,,	ヤングマガジンアッパーズ,16,完結,SF ドラマ,,
はがねのれんきんじゅつし,鋼の錬金術師,荒川弘,,月刊少年ガンガン,27,完結,ファンタジー,錬金術,ア
ばがぼんど,バガボンド,井上雄彦,,週刊モーニング,33,,歴史 ドラマ,宮本武蔵,
ばきとくべつへん,バキ特別編SAGA(性),板垣恵介,,ヤングチャンピオン,1,完結,スポーツ,格闘技,
はくしゃくかいんしりーず,伯爵カインシリーズ,由貴香織里,,,13,完結,ドラマ,イギリス,
はぐれぐも,浮浪雲,ジョージ秋山,,,54,,時代劇,,ド
バサラ,BASARA,	田村由美,,別冊少女コミック,27,完結,アクション ファンタジー,,ア
はじめのいっぽ,はじめの一歩,森川ジョージ,,,97,,スポーツ ドラマ,ボクシング,
ぱすかるしてぃー,パスカル・シティ,新谷かおる,,,2,完結,,,
はだしのげん,はだしのゲン,	中沢啓治,,週刊少年ジャンプ,10,完結,ドラマ,戦争 原爆,ド ア 映
ぱたりろ,パタリロ,魔夜峰央,,,87,,コメディー,国王,
ばちあたりでんくろう,ばちあたり伝九郎,さいとうたかを,,,2,完結,時代劇,,
ばとるろわいある,バトルロワイアル,田口雅之,高見広春,ヤングチャンピオン,15,完結,,,
はなっぺばずーか,花平バズーカ,永井豪,小池一夫,,6,完結,,,
ばななふぃっしゅ,BANANA FISH,BANANA FISH,,別冊少女コミック,19,完結,ドラマ,アメリカ,
はなのけいじくものかなたに,花の慶次～雲のかなたに～,原哲夫,隆慶一郎,週刊少年ジャンプ,18,完結,歴史,戦国時代 前田慶次,ゲ
はなび,花火,立原あゆみ,,ヤングチャンピオン,1,完結,,,
はなひき,花引き,ふんわり,小池一夫,,1,完結,,,
ぱぱらっち,パパラッチ,柳澤一明,小池一夫,,3,完結,ドラマ,カメラマン パパラッチ,
ばびるにせい,バビル２世,横山光輝,,,11,完結,SF アクション,,
はやてのごとく,ハヤテのごとく!,畑健二郎,,	週刊少年サンデー,29,,コメディー,執事,
ばらんさー,バランサー,新谷かおる,,,3,完結,,,
ばりばりでんせつ,バリバリ伝説,しげの秀一,,週刊少年マガジン,38,完結,スポーツ ドラマ,モータースポーツ バイク,
はるがきた,春が来た,小島剛夕,小池一夫,,6,完結,時代劇 ドラマ,同心 忍者,ド
はるかみらくる,ハルカミラクル,一智和智,,ヤングチャンピオン,1,,,,
ばろむわん,バロム・1,さいとうたかを,,,3,完結,SF,,
ばんせんしゅうかい,萬川集海,神崎将臣,小池一夫,,2,完結,アクション,忍者,
はんぞうのもん,半蔵の門,小島剛夕,小池一夫,,15,完結,歴史,服部半蔵 徳川家康,
はんたーはんたー,HUNTERXHUNTER,冨樫義博,,週刊少年ジャンプ,29,,アクション ファンタジー,,ア
ばんぶーぶれーど,BAMBOO BLADE,土塚理弘,,ヤングガンガン,14,完結,スポーツ,剣道,
ばんぶーぶれーどびー,BAMBOO BLADE B,土塚理弘,,月刊少年ガンガン,6,,スポーツ,剣道,
ぴあののもり,ピアノの森,一色まこと,,,20,,ドラマ,音楽 ピアノ,
ぴーつーれっつぷれいぴんぽん,P2! - let's Play Pingpong! -,江尻立真,,週刊少年ジャンプ,7,完結,スポーツ,卓球,
びーばっぷはいすくーる,BE-BOP-HIGHSCHOOL,きうちかずひろ,,,48,完結,コメディー,不良,映
ぴかいち,ぴかいち,こしばしげる,,ヤングチャンピオン,2,完結,,,
ひかるのご,ヒカルの碁,小畑健 ,ほったゆみ ,週刊少年ジャンプ,23,完結,ファンタジー ドラマ,テーブルゲーム 囲碁 幽霊,
ひつじのうた,羊のうた,冬目景,,コミックバーガー,7,完結,ドラマ,,ア
ひにょうきかいいっぽんぎまもる,泌尿器科医一本木守!,高倉あつこ,,ヤングチャンピオン,5,,,医療 泌尿器科,
びねつしょうじょ,微熱少女,宮坂香帆,,,10,完結,学園 恋愛,,
ひのとり,火の鳥,手塚治虫,,COM,17,完結,SF,輪廻転生,ア ゲ
ひのまるあげて,日の丸あげて,新谷かおる,,,2,完結,,,
ひのまるあげて,日の丸あげて,新谷かおる,,,2,完結,,,
ひふみとしごろく,1・2・3と4・5・ロク,ちばてつや ,,,3,完結,コメディー,,
ぴゅーとふくじゃがー,ピューと吹く!ジャガー,うすた京介,,週刊少年ジャンプ,20,完結,ギャグ,,
ひょうりゅう,漂流,さいとうたかを,,,4,完結,,,
ひらけこま,ひらけ駒!,南Q太,,,3,,ドラマ,将棋,
ふぁんとむぶらい,ファントム無頼,新谷かおる,,,12,完結,,,
ふしぎゆうぎ,ふしぎ遊戯,渡瀬悠宇,,少女コミック,18,完結,ファンタジー,,ア ゲ
ぶそうれんきん,武装錬金,	和月伸宏,,週刊少年ジャンプ,10,完結,SF アクション,,
ふたりえっち,ふたりえっち,克 亜樹,,,51,,ドラマ,セックス,
ふたりだか,ふたり鷹,新谷かおる,,,19,完結,スポーツ,モータースポーツ バイク,
ぶっとびしーぴーゆー,ぶっとび!!CPU,新谷かおる,,,3,完結,,,
ぶらざーず,BROTHERS,叶精作,小池一夫,,9,完結,SF アクション,サイボーグ,
ブラックジャック,ぶらっくじゃっく,手塚治虫,,週刊少年チャンピオン,22,完結,ドラマ,医療 外科,ドア
ぶらっくじゃっくによろしく,ブラックジャックによろしく,佐藤秀峰,,モーニングKC,13,完結 続編あり,ドラマ,医療 研修医,ド
ぶらっくらぐーん,BLACK LAGOON,広江礼威,,月刊サンデージェネックス,9,,アクション,,ア
ぶらっどれいん,BLOOD RAIN,村生ミオ,,ヤングチャンピオン,9,完結,,,
ぷらねてす,プラネテス,	幸村誠,,モーニング,4,完結,SF ドラマ,宇宙,ア
ぶりーち,BLEACH,久保帯人,,,51,,アクション ファンタジー,死神,ア ゲ
ふるーつばすけっと,フルーツバスケット,高屋奈月,,,23,,ファンタジー,,
ぷるーとぅ,PLUTO,浦沢直樹,手塚治虫,,8,完結,SF ドラマ,ロボット,
ぶれいくだうん,ブレイクダウン,さいとうたかを,,,7,完結,,,
ぶれいだー,凶刃者-ブレイダー,叶精作,小池一夫,,2,完結,時代劇,,
へるしんぐ,HELLSING,	平野耕太,,ヤングキングアワーズ,10,完結,ホラー,ドラキュラ,ア
べるせるく,ベルセルク,三浦建太郎,,ヤングアニマル,36,,アクション ファンタジー,復讐,ア ゲ
ほうじょうときまさ,北条時宗,さいとうたかを,,,6,完結,歴史,北条時政,
ほうしんえんぎ,封神演義,,藤崎竜,,23,完結,歴史 ファンタジー,中国,ア
ぼくのわたしのゆうしゃがく,ぼくのわたしの勇者学,麻生周一,,週刊少年ジャンプ,6,完結,学園 コメディー,,
ポケットモンスター☆SPECIAL,ぽけっともんすたーすぺしゃる,真斗・山本サトシ,日下秀憲,,39,,ファンタジー,,ア ゲ
ほしのふね,星の艦,井上紀良,小池一夫,,2,完結,,,
ほっぷすてっぷじゃんぷっ,ほっぷすてっぷじゃんぷッ！,岡田和人,,ヤングチャンピオン,1,,,,
ほてる,HOTEL,石ノ森章太郎,,,25,完結,ドラマ,ホテル,ド
ほてるたんていどーる,ホテル探偵DOLL,さいとうたかを,,,3,完結,アクション,探偵,
ぼのぼの,ぼのぼの,いがらしみきお,,まんがライフ,34,,ギャグ,動物,ア
ほりっく,XXXHOLiC,CLAMP,,週刊ヤングマガジン,19,完結,ファンタジー,,ア
まおうじゅぶないるりみっくす,魔王～JUVENILE REMIX～,大須賀めぐみ,伊坂幸太郎,週刊少年サンデー,10,完結,アクション,,
まじ,本気,立原あゆみ,,,50,完結 続編あり,ドラマ ,暴力団,
まじさんだーな,本気！サンダーナ,立原あゆみ,,ヤングチャンピオン,1,,,,
まじょのなまえ,魔女の名前,川村万理,,ヤングチャンピオン,1,,,,
ますたーきーとん,MASTERキートン,浦沢直樹,勝鹿北星 長崎尚志,ビッグコミックオリジナル,18,完結,ドラマ,保険調査員 考古学者,
まぞう,魔像,田中憲,小池一夫,,1,完結,,,
まつだゆうさくものがたり,松田優作物語,高岩ヨシヒロ,宮崎克,ヤングチャンピオン,6,完結,,,
まつだゆうさくものがたりかぜはしるへん,松田優作物語風奔る編,高岩ヨシヒロ,宮崎克,ヤングチャンピオン,1,,,,
まっちょていすと,マッチョティスト,中村真理子,小池一夫,,2,完結,,,
まっどぶるさーてぃーふぉー,マッド・ブル34,井上紀良,小池一夫,,27,完結,ドラマ アクション,警察 警察官,ア
まっどぶるにせん,マッド・ブル2000,井上紀良,小池一夫,,7,完結,ドラマ,警察 警官 アメリカ,
まてりあるぱずる,マテリアル・パズル,土塚理弘,,月刊少年ガンガン,20,完結,アクション ファンタジー,,
まてりあるぱずるさいこうしょうねん,マテリアル・パズル 〜彩光少年〜,土塚理弘,,月刊少年ガンガン,2,完結,アクション ファンタジー,,
まどうてんがいかなめ,,乾良彦,,ヤングチャンピオン,2,,,,
まほうじんぐるぐる,魔法陣グルグル,衛藤ヒロユキ,,月刊少年ガンガン,16,完結,ファンタジー コメディー,完結,
まほらば,まほらば,小島あきら,,月刊ガンガンWING,12,完結,コメディー,ハーレム,ア
まものがたりいとしのべてぃ,魔物語―愛しのベティ,叶精作,小池一夫,,13,完結,ファンタジー,,
まるごしでか,まるごし刑事,渡辺みちお,北芝健 ,,75,完結,ドラマ,警察 刑事,
まるごとすたーおーしゃんよんこままんがげきじょう,まるごとスターオーシャン!4コママンガ劇場,アンソロジー,,,1,完結,４コマ,,
まんがすいこでん,マンガ水滸伝,さいとうたかを,,,3,完結,,,
まんがにほんのこてんへいきものがたり,マンガ日本の古典 平家物語,横山光輝,,,3,完結,歴史,平家物語,
まんがにほんのれきし,マンガ 日本の歴史,石ノ森章太郎,,,14,完結,歴史 ドラマ,,
まんだらやのりょうた,まんだら屋の良太,畑中純,,,53,完結,ドラマ,,ド 映
みえるひと,みえるひと,	岩代俊明,,週刊少年ジャンプ,7,完結,ファンタジー,,
みすたーぼーい,Mr.ボーイ,山本貴嗣,,,4,完結,,,
みそららいじんぐ,美晴ライジング,大谷じろう,,,5,完結,スポーツ,ソフトボール,
みなみけ,みなみけ,桜場コハル,,週刊ヤングマガジン,8,,コメディー,,ア
みなみのていおう,ミナミの帝王,郷力也,天王寺大,,112,,ドラマ,金融 闇金融,ド
むげんじごく,無間地獄,早川ナオヤ,新堂冬樹,,5,完結,ドラマ,金融 闇金融,
むさし,ムサシ,川崎のぼる,小池一夫,,13,完結,時代劇,,
むしし,蟲師,漆原友紀,,月刊アフタヌーン,10,完結,ファンタジー,,ア 映
むてきかんばんむすめ,無敵看板娘,佐渡川準,,週刊少年チャンピオン,17,完結,コメディー,,ア
むようのすけ,無用ノ介,さいとうたかを,,,15,完結,時代劇 アクション,,
めいきゅうがいろんど,迷宮街輪舞曲,結城さくや,林亮介,Comic REX,3,完結,SF,,
めいたんていこなん,名探偵コナン,青山剛昌,,,73,,ミステリー,探偵,
めぐみっくす,メグミックス,倉島圭,,ヤングチャンピオン,1,,,,
めじゃー,MAJOR,満田拓也,,,79,完結,ドラマ,野球,
めぞんいっこく,めぞん一刻,高橋留美子,,,15,完結,恋愛 コメディー,,映 ア
ももたろうざむらい,桃太郎侍,池辺かつみ,小池一夫,刃-JIN-,8,完結,時代劇,,
もんすたー,MONSTER,浦沢直樹,,ビッグコミックオリジナル,18,完結,サスペンス,逃避行,ア
やきゅうきょうのうた,野球狂の詩,水島新司,,,13,完結,スポーツ ドラマ,野球,
やしゃじんとうげ,夜叉神峠,政岡としや,小池一夫,,6,完結,,,
やすうらてっきんかぞく,浦安鉄筋家族,浜岡賢次 ,,週刊少年チャンピオン,31,完結 続編あり,コメディー,,
ゆうやけのうた,夕焼けの詩,西岸良平,,,59,,ドラマ,,
ゆうゆうはくしょ,ゆうゆうはくしょ,冨樫義博,,週刊少年ジャンプ,19,完結,ファンタジー,,ア
よこはまほめろす,横浜ホメロス,叶精作,小池一夫,,4,完結,,,
よつばと,よつばと!,あずまきよひこ,,月刊コミック電撃大王,10,,コメディー,,
よんぴーたなかくん,4P田中くん,川三番地,七三太朗,,51,完結,スポーツ,野球,
らいあーげーむ,LIAR GAME,甲斐谷忍,,週刊ヤングジャンプ ,13,,ミステリー,,ド
らきすた,らき☆すた,美水かがみ,,	コンプティーク,8,,4コマ,,ア
らくだいにんじゃらんたろう,落第忍者乱太郎,尼子騒兵衛,,,49,,コメディー,忍者,
らぶぜっと,ラブZ,やまさき拓味,小池一夫,,9,完結,,,
りある,リアル,井上雄彦,,週刊ヤングジャンプ,10,,ドラマ スポーツ,バスケットボール 障碍者,
るいだん,涙弾,伊賀和洋,小池一夫,,21,完結,ドラマ,,
るーきーず,ROOKIES,森田まさのり,,週刊少年ジャンプ,24,完結,学園 ドラマ スポーツ,野球 不良,ド 映
るーじゅ,ルージュ,立原あゆみ,,ヤングチャンピオン,1,完結,,,
るろうにけんしん,るろうに剣心,和月伸宏,,週刊少年ジャンプ,28,簡潔,時代劇 アクション,,ア
れいざー,レイザー,伊賀和洋,小池一夫,,4,完結,歴史,,
れいず,RAISE,新谷かおる,,,3,,,,
れいぶ,RAVE,真島ヒロ,,,50,完結,アクション ファンタジー,,
れきしげきがだいさいしょう,歴史劇画大宰相,さいとうたかを,,,10,完結,歴史,政治家,
れっか,烈火,さいとうたかを,,,2,完結,時代劇,,
れっぷうでん,烈風伝,新谷かおる,,,3,完結,,,
れべるいー,レベルE,冨樫義博,,週刊少年ジャンプ,3,完結,SF コメディー,,ア
れんあいじゃんきー,恋愛ジャンキー,葉月京,,ヤングチャンピオン,10,,,,
れんかんにほんしょき,連環日本書紀,井上紀良,小池一夫,,2,完結,歴史,日本書紀,
ろいやるどっぐ,ロイヤルドッグ,高口里純,,ヤングチャンピオン,2,,,,
ろーぜんめいでん,Rozen Maiden,PEACH-PIT,,コミックバーズ,8,,ファンタジー,,ア
ろくでなしぶるーす,ろくでなしBLUES,森田まさのり,,週刊少年ジャンプ,42,完結,学園 コメディー スポーツ,ボクシング 不良,
わいるどらいふ,ワイルドライフ,藤崎聖人,,	週刊少年サンデー,27,完結,ドラマ,医療 獣医,ド
わたるがぴゅん,わたるがぴゅん,なかいま強,,,58,,スポーツ,野球,
わんなうつ,ONE OUTS,甲斐谷忍,,ビジネスジャンプ,20,完結,スポーツ,野球,
わんぴーす,ONE PIECE,尾田栄一郎,,,64,,アクション,海賊,
じょふくでんせつ,徐福伝説,諸星大二郎,,,1,完結,,歴史 中国,